purchase_id,user_id,product_id,purchase_time
1,271,9,2025-07-02 14:49:36
2,225,23,2025-06-23 15:03:53
3,258,52,2025-05-20 14:39:34
4,137,89,2025-05-30 20:14:56
5,223,47,2025-05-12 22:25:27
6,96,63,2025-06-10 11:32:19
7,185,89,2025-06-23 20:57:26
8,461,36,2025-05-14 10:44:25
9,239,3,2025-06-18 10:04:25
10,181,40,2025-05-29 18:18:26
11,145,55,2025-06-23 06:13:35
12,153,62,2025-07-09 14:42:03
13,427,67,2025-05-17 16:59:16
14,148,33,2025-05-21 18:30:52
15,361,20,2025-06-27 09:58:58
16,220,17,2025-06-15 03:29:28
17,353,39,2025-05-15 23:08:21
18,405,8,2025-07-03 19:33:11
19,195,34,2025-06-14 13:52:02
20,12,71,2025-07-06 13:14:38
21,302,61,2025-06-02 05:04:35
22,192,15,2025-05-12 09:46:34
23,218,16,2025-06-10 15:46:25
24,300,60,2025-06-18 17:19:46
25,463,100,2025-06-28 17:19:24
26,237,30,2025-05-30 08:13:13
27,263,21,2025-05-15 08:08:41
28,424,60,2025-06-26 05:36:13
29,288,89,2025-05-30 20:35:21
30,61,85,2025-07-10 07:49:39
31,365,29,2025-06-20 17:35:09
32,2,60,2025-07-04 01:55:04
33,161,18,2025-06-30 05:23:26
34,455,49,2025-05-16 10:16:36
35,407,55,2025-06-08 10:03:59
36,128,73,2025-06-23 11:12:29
37,38,62,2025-06-25 07:11:51
38,176,33,2025-05-31 01:14:05
39,113,87,2025-05-14 02:28:26
40,155,97,2025-05-23 07:52:17
41,103,82,2025-05-22 14:24:26
42,171,34,2025-07-09 00:07:07
43,60,66,2025-05-27 01:04:47
44,259,60,2025-05-22 20:58:28
45,487,80,2025-06-29 03:34:44
46,394,95,2025-05-21 13:50:01
47,177,76,2025-06-08 23:44:35
48,203,19,2025-06-04 04:16:16
49,71,52,2025-06-10 22:26:05
50,303,21,2025-06-25 21:34:37
51,437,60,2025-06-15 05:20:06
52,137,37,2025-05-30 20:17:48
53,259,16,2025-07-10 14:03:30
54,282,88,2025-06-12 22:59:06
55,349,8,2025-06-26 15:48:47
56,410,66,2025-06-06 16:06:58
57,72,99,2025-06-08 11:16:05
58,472,32,2025-06-29 20:19:47
59,105,32,2025-06-24 18:51:44
60,15,34,2025-06-01 00:08:24
61,133,89,2025-05-26 14:18:48
62,226,48,2025-05-30 19:45:48
63,435,66,2025-06-01 12:23:49
64,134,22,2025-07-03 16:50:00
65,180,48,2025-06-09 13:36:26
66,47,11,2025-06-28 09:11:02
67,150,8,2025-06-23 00:53:12
68,157,32,2025-07-06 06:49:13
69,377,31,2025-06-26 20:12:06
70,16,35,2025-07-02 20:55:50
71,417,94,2025-06-12 13:19:01
72,206,46,2025-07-07 12:26:26
73,468,88,2025-05-16 01:40:58
74,181,38,2025-07-09 23:32:34
75,38,89,2025-06-24 19:39:32
76,274,27,2025-07-01 00:06:50
77,153,18,2025-07-03 14:46:53
78,61,12,2025-07-01 03:57:29
79,326,86,2025-05-23 20:28:15
80,362,27,2025-07-11 13:27:37
81,408,10,2025-06-12 22:25:38
82,321,34,2025-06-01 16:42:47
83,5,82,2025-05-21 09:54:22
84,278,15,2025-06-11 23:15:40
85,412,4,2025-06-29 23:21:39
86,181,18,2025-06-06 14:47:14
87,11,49,2025-06-30 15:54:03
88,314,63,2025-06-13 17:39:41
89,461,32,2025-05-14 10:54:54
90,268,84,2025-06-01 11:53:28
91,20,27,2025-06-15 17:28:49
92,224,5,2025-07-11 04:23:44
93,447,17,2025-06-09 14:20:40
94,57,10,2025-06-29 22:06:13
95,225,40,2025-06-02 06:05:58
96,222,21,2025-05-28 17:56:23
97,252,55,2025-06-19 13:18:50
98,371,84,2025-05-23 11:58:43
99,124,96,2025-07-06 13:35:55
100,9,26,2025-07-06 01:19:55
101,380,34,2025-07-01 18:20:22
102,496,18,2025-06-19 01:29:29
103,109,100,2025-05-16 19:03:41
104,158,16,2025-06-10 23:13:37
105,373,53,2025-06-01 06:29:17
106,104,88,2025-05-29 19:48:13
107,210,86,2025-06-10 01:03:56
108,93,74,2025-07-04 03:27:45
109,441,79,2025-07-05 16:53:27
110,21,35,2025-06-16 05:37:40
111,69,53,2025-06-22 18:28:01
112,467,11,2025-06-30 02:28:40
113,32,36,2025-06-02 02:42:26
114,44,41,2025-07-04 16:18:39
115,32,57,2025-06-02 02:42:00
116,157,69,2025-05-22 09:06:24
117,245,52,2025-06-21 10:23:51
118,348,17,2025-07-02 12:45:35
119,286,83,2025-05-22 19:23:46
120,458,48,2025-06-12 11:35:17
121,476,69,2025-06-28 07:43:14
122,40,35,2025-06-24 20:50:33
123,323,75,2025-06-26 01:24:47
124,428,40,2025-06-30 23:25:23
125,351,24,2025-05-25 14:15:17
126,477,18,2025-05-30 07:53:21
127,448,45,2025-05-12 05:12:35
128,477,48,2025-07-09 23:42:50
129,351,30,2025-05-27 03:58:43
130,374,66,2025-05-14 19:35:53
131,222,89,2025-06-30 20:02:39
132,465,86,2025-05-28 14:50:04
133,391,43,2025-06-04 04:49:45
134,310,22,2025-06-29 17:20:19
135,5,67,2025-06-22 22:23:03
136,38,44,2025-06-24 19:29:12
137,438,64,2025-05-29 19:09:48
138,9,6,2025-05-30 08:36:11
139,56,92,2025-06-04 23:52:23
140,17,66,2025-06-18 05:23:51
141,70,75,2025-06-15 13:45:05
142,454,81,2025-06-04 22:29:53
143,72,28,2025-07-03 21:51:31
144,487,34,2025-06-29 03:24:29
145,124,17,2025-06-04 03:31:10
146,244,24,2025-05-18 18:12:10
147,137,91,2025-05-24 05:17:04
148,396,61,2025-05-17 08:52:48
149,389,63,2025-06-12 20:03:29
150,477,33,2025-07-09 23:32:20
151,306,100,2025-06-07 18:07:10
152,296,73,2025-07-04 14:08:18
153,428,34,2025-06-27 05:01:30
154,289,32,2025-06-28 00:15:58
155,479,40,2025-05-24 06:09:27
156,408,37,2025-05-24 18:48:15
157,43,7,2025-05-18 16:14:36
158,123,2,2025-06-08 07:07:09
159,312,73,2025-05-29 23:20:26
160,321,66,2025-06-20 21:11:48
161,283,50,2025-06-02 21:21:13
162,204,70,2025-05-18 03:39:31
163,309,17,2025-06-27 06:51:21
164,353,59,2025-05-15 23:03:47
165,180,47,2025-06-08 17:39:15
166,499,64,2025-07-04 19:48:30
167,258,76,2025-06-02 17:15:20
168,391,72,2025-06-11 04:18:16
169,222,84,2025-06-30 20:05:31
170,124,84,2025-06-29 01:35:20
171,348,3,2025-05-26 04:57:22
172,113,13,2025-05-14 02:31:10
173,438,16,2025-05-29 18:59:46
174,134,33,2025-06-19 07:27:33
175,320,60,2025-05-19 13:49:24
176,107,47,2025-07-03 02:58:55
177,68,46,2025-06-14 10:56:34
178,440,26,2025-06-08 06:53:33
179,344,56,2025-07-06 11:58:58
180,499,12,2025-07-04 19:47:32
181,116,8,2025-05-13 16:48:00
182,77,79,2025-07-10 16:59:32
183,303,19,2025-06-01 22:49:21
184,211,96,2025-07-03 15:56:35
185,15,60,2025-06-29 05:01:27
186,257,57,2025-06-25 19:50:12
187,407,19,2025-06-08 09:59:27
188,252,18,2025-06-14 00:38:37
189,33,86,2025-06-15 08:29:55
190,71,91,2025-07-10 04:49:24
191,269,38,2025-05-13 23:09:51
192,282,16,2025-05-12 11:24:47
193,235,51,2025-07-07 05:31:54
194,440,28,2025-06-08 06:37:27
195,60,48,2025-06-25 17:25:38
196,87,84,2025-07-07 08:27:17
197,493,96,2025-07-05 17:39:05
198,60,89,2025-06-25 17:43:35
199,425,39,2025-05-14 17:53:46
200,440,87,2025-06-08 06:54:37
201,472,77,2025-06-29 20:32:30
202,330,68,2025-05-26 19:09:48
203,137,35,2025-05-30 20:05:04
204,394,59,2025-05-21 13:51:57
205,158,74,2025-06-09 09:35:53
206,394,20,2025-05-30 18:23:32
207,483,32,2025-06-23 07:12:10
208,236,12,2025-06-13 14:57:43
209,376,76,2025-05-30 20:31:27
210,249,73,2025-05-15 16:23:57
211,340,93,2025-05-19 20:07:24
212,468,44,2025-06-05 07:13:04
213,227,78,2025-06-22 00:36:23
214,297,96,2025-06-27 11:24:00
215,422,92,2025-05-12 05:27:43
216,5,46,2025-05-24 10:55:27
217,231,94,2025-06-08 02:30:06
218,56,15,2025-06-22 14:28:49
219,268,58,2025-06-01 11:58:19
220,46,25,2025-05-12 19:50:47
221,48,14,2025-05-30 15:40:39
222,256,91,2025-06-26 03:22:47
223,317,88,2025-06-12 13:32:44
224,217,85,2025-05-12 08:58:48
225,402,57,2025-06-29 16:10:17
226,31,14,2025-07-06 20:58:10
227,272,30,2025-06-22 20:50:20
228,78,19,2025-06-26 09:38:18
229,154,36,2025-05-23 11:05:09
230,48,21,2025-05-23 12:43:45
231,119,77,2025-06-29 23:57:42
232,436,51,2025-06-23 15:09:18
233,489,17,2025-06-05 15:10:21
234,41,50,2025-05-20 15:14:42
235,237,60,2025-05-16 13:16:16
236,174,35,2025-06-13 01:37:32
237,256,4,2025-06-28 11:01:31
238,375,36,2025-05-14 21:31:54
239,40,36,2025-06-17 18:40:46
240,467,50,2025-06-02 05:41:26
241,161,85,2025-07-07 21:07:49
242,452,13,2025-06-28 00:35:25
243,159,21,2025-07-07 13:35:31
244,201,49,2025-06-21 03:42:16
245,333,65,2025-07-03 19:24:08
246,181,16,2025-05-29 18:00:08
247,289,45,2025-06-28 00:15:02
248,4,18,2025-06-24 08:54:01
249,430,17,2025-05-31 11:07:49
250,297,92,2025-07-11 08:36:10
251,214,21,2025-07-02 23:49:20
252,421,62,2025-05-22 11:28:48
253,491,38,2025-07-02 23:39:50
254,254,82,2025-06-15 05:32:36
255,169,76,2025-07-03 04:11:02
256,481,22,2025-07-07 15:41:49
257,60,92,2025-06-21 00:23:22
258,464,57,2025-06-15 12:45:28
259,85,63,2025-06-25 14:32:47
260,127,35,2025-06-28 15:24:17
261,157,27,2025-06-17 20:39:33
262,348,27,2025-05-20 11:40:50
263,102,90,2025-07-05 20:31:26
264,354,28,2025-07-06 05:10:20
265,420,82,2025-06-27 08:36:01
266,408,25,2025-07-05 12:21:15
267,336,18,2025-06-06 10:05:42
268,394,57,2025-05-30 18:17:53
269,299,28,2025-05-27 20:36:33
270,58,54,2025-05-18 13:10:59
271,272,24,2025-05-22 00:41:54
272,394,45,2025-06-20 06:04:13
273,122,6,2025-06-13 00:07:46
274,453,18,2025-07-09 08:11:02
275,317,1,2025-06-28 18:24:18
276,217,57,2025-05-18 15:16:15
277,439,9,2025-07-06 22:42:33
278,55,25,2025-06-30 07:20:16
279,225,81,2025-07-10 19:49:53
280,10,90,2025-06-07 23:06:31
281,203,50,2025-06-09 04:28:42
282,284,86,2025-06-10 22:44:57
283,191,44,2025-05-30 09:39:14
284,269,64,2025-06-19 18:21:42
285,95,47,2025-05-29 23:18:13
286,71,61,2025-07-10 04:41:37
287,65,15,2025-05-30 02:39:37
288,9,46,2025-05-30 08:25:24
289,217,1,2025-06-09 08:24:58
290,295,73,2025-05-31 19:25:22
291,130,25,2025-07-08 06:17:36
292,429,72,2025-05-20 14:12:35
293,246,29,2025-07-09 06:36:22
294,44,86,2025-05-12 14:53:50
295,67,47,2025-06-10 14:31:37
296,351,61,2025-05-30 13:02:27
297,148,27,2025-05-15 21:27:05
298,348,60,2025-06-20 07:49:02
299,123,30,2025-06-08 06:57:33
300,448,17,2025-07-11 00:39:31
301,309,61,2025-06-18 20:36:22
302,462,36,2025-05-29 14:55:21
303,431,95,2025-07-02 05:29:32
304,273,67,2025-05-25 19:32:37
305,370,7,2025-06-17 09:07:10
306,23,88,2025-06-18 18:58:34
307,420,59,2025-06-19 21:47:26
308,443,48,2025-06-13 10:07:39
309,272,82,2025-06-10 11:43:50
310,420,4,2025-06-05 07:01:29
311,375,20,2025-05-14 21:44:35
312,251,70,2025-06-08 17:44:51
313,11,3,2025-06-30 15:53:40
314,468,78,2025-05-13 12:52:02
315,229,61,2025-06-30 14:18:41
316,296,23,2025-06-25 16:47:46
317,339,72,2025-06-17 04:49:12
318,64,81,2025-05-30 10:39:18
319,228,11,2025-07-02 02:39:40
320,463,97,2025-05-13 06:46:29
321,470,67,2025-05-21 19:06:46
322,486,97,2025-06-21 17:07:59
323,68,45,2025-05-26 14:49:02
324,206,32,2025-07-07 12:33:47
325,48,83,2025-06-16 11:52:30
326,194,42,2025-06-30 18:11:20
327,108,53,2025-05-12 13:51:36
328,344,17,2025-06-18 05:24:18
329,497,27,2025-06-03 04:11:01
330,496,42,2025-06-01 18:19:02
331,120,100,2025-06-20 03:14:52
332,284,67,2025-06-19 21:00:56
333,255,60,2025-07-02 17:19:09
334,157,15,2025-06-13 21:58:13
335,332,47,2025-05-23 04:31:58
336,356,80,2025-05-15 00:15:36
337,255,26,2025-06-12 13:04:31
338,226,26,2025-06-18 18:53:23
339,394,71,2025-05-24 12:33:03
340,475,69,2025-06-30 18:16:56
341,85,56,2025-05-22 06:23:01
342,406,78,2025-07-08 00:48:06
343,322,9,2025-06-22 21:00:33
344,217,44,2025-05-18 15:11:01
345,342,22,2025-06-21 12:38:05
346,206,16,2025-05-28 03:02:24
347,197,4,2025-07-07 16:01:57
348,477,57,2025-06-18 07:37:37
349,30,81,2025-06-10 01:14:50
350,405,55,2025-05-29 00:28:21
351,361,84,2025-07-04 04:37:08
352,276,67,2025-07-09 23:41:04
353,464,63,2025-06-15 12:42:12
354,254,44,2025-06-07 04:21:47
355,370,70,2025-06-25 07:04:51
356,381,1,2025-05-16 05:27:10
357,471,44,2025-06-11 07:03:06
358,230,97,2025-07-11 13:27:35
359,316,39,2025-07-01 02:19:21
360,47,6,2025-06-15 10:37:41
361,220,80,2025-06-15 03:34:26
362,47,23,2025-06-13 15:40:12
363,344,51,2025-05-29 21:38:25
364,248,80,2025-06-28 19:25:35
365,323,87,2025-06-08 00:46:11
366,306,17,2025-05-28 00:43:34
367,253,23,2025-06-19 04:02:52
368,220,55,2025-06-03 03:46:26
369,318,14,2025-05-16 05:59:26
370,194,16,2025-05-26 11:07:12
371,48,99,2025-05-15 13:12:52
372,183,18,2025-06-22 19:01:21
373,85,40,2025-05-22 06:30:37
374,213,84,2025-05-18 10:56:31
375,169,35,2025-07-01 19:30:02
376,293,42,2025-06-28 05:25:22
377,487,88,2025-06-12 23:18:19
378,370,34,2025-06-17 09:15:24
379,148,19,2025-05-15 21:22:45
380,391,63,2025-05-27 17:42:47
381,235,34,2025-07-07 05:52:34
382,227,25,2025-05-13 16:17:09
383,317,78,2025-06-12 13:14:46
384,216,74,2025-06-22 20:28:07
385,265,14,2025-06-25 15:37:56
386,296,92,2025-06-25 16:59:43
387,184,58,2025-05-14 04:44:05
388,408,5,2025-05-24 19:01:31
389,447,72,2025-05-22 05:55:59
390,156,72,2025-06-14 22:14:08
391,496,89,2025-05-20 10:30:44
392,123,73,2025-05-26 09:16:03
393,269,95,2025-06-11 11:34:35
394,24,47,2025-06-20 15:28:10
395,26,41,2025-05-15 11:10:20
396,301,35,2025-05-16 08:18:37
397,24,10,2025-07-11 06:57:06
398,43,7,2025-06-29 02:48:22
399,15,83,2025-05-20 20:10:34
400,306,59,2025-06-07 18:19:42
401,466,20,2025-05-19 01:23:56
402,16,38,2025-07-02 20:52:12
403,316,65,2025-05-13 12:52:55
404,431,80,2025-06-21 09:30:57
405,295,84,2025-06-14 00:49:43
406,293,58,2025-05-13 04:47:31
407,427,79,2025-06-02 02:45:35
408,397,28,2025-05-13 14:15:53
409,406,61,2025-05-14 22:22:34
410,430,10,2025-06-02 18:55:00
411,446,36,2025-06-29 18:59:39
412,85,28,2025-06-25 04:55:32
413,387,56,2025-06-15 13:15:37
414,480,46,2025-06-03 18:40:42
415,21,86,2025-05-27 21:56:20
416,57,67,2025-06-29 21:48:12
417,259,34,2025-05-12 12:20:04
418,226,57,2025-05-18 16:54:04
419,55,2,2025-05-19 16:17:24
420,216,57,2025-06-22 20:18:26
421,308,38,2025-06-28 19:24:44
422,317,62,2025-05-31 11:00:19
423,393,76,2025-06-28 22:59:29
424,325,50,2025-05-17 13:01:21
425,231,9,2025-06-02 19:44:06
426,188,58,2025-05-19 11:55:14
427,215,51,2025-05-16 06:55:52
428,395,23,2025-05-27 00:42:35
429,120,90,2025-06-20 03:13:42
430,137,18,2025-05-30 20:01:30
431,117,100,2025-05-29 00:06:05
432,159,86,2025-05-29 23:31:26
433,245,21,2025-06-08 19:52:04
434,234,27,2025-06-20 07:45:47
435,339,100,2025-06-28 15:11:38
436,446,16,2025-07-10 06:18:04
437,207,47,2025-05-13 09:09:49
438,206,62,2025-06-15 14:43:19
439,226,10,2025-06-16 02:16:11
440,379,32,2025-05-31 16:29:14
441,497,4,2025-05-22 19:34:28
442,357,100,2025-06-02 03:43:59
443,60,59,2025-06-21 00:41:17
444,349,65,2025-07-06 04:33:23
445,365,45,2025-05-26 07:50:42
446,266,15,2025-06-23 16:56:10
447,498,30,2025-06-17 05:41:01
448,175,91,2025-05-14 18:40:38
449,438,24,2025-06-12 20:38:46
450,97,100,2025-05-16 20:57:38
451,24,49,2025-06-29 14:14:05
452,371,1,2025-06-16 22:34:15
453,248,70,2025-06-12 05:08:14
454,408,1,2025-07-05 12:07:41
455,225,63,2025-06-25 09:28:51
456,283,28,2025-06-02 21:24:58
457,129,84,2025-07-08 15:00:55
458,401,6,2025-06-23 12:55:11
459,223,27,2025-05-27 18:33:10
460,316,26,2025-05-19 06:29:30
461,76,10,2025-06-09 13:58:59
462,468,82,2025-06-05 07:16:27
463,426,44,2025-07-01 03:47:05
464,5,25,2025-05-28 07:50:25
465,36,76,2025-06-29 04:53:52
466,407,42,2025-05-21 10:31:28
467,235,94,2025-05-12 04:54:07
468,231,35,2025-06-30 22:12:30
469,159,87,2025-07-07 13:37:13
470,48,57,2025-07-11 12:26:47
471,296,57,2025-07-10 14:40:34
472,426,95,2025-05-17 12:19:51
473,379,6,2025-05-31 16:43:37
474,107,6,2025-07-03 02:51:07
475,27,64,2025-06-16 02:34:21
476,408,49,2025-06-18 19:55:34
477,230,36,2025-06-25 20:58:44
478,310,32,2025-06-13 18:13:25
479,195,5,2025-07-02 20:27:55
480,361,36,2025-06-29 23:49:40
481,90,11,2025-07-01 10:57:14
482,441,85,2025-05-18 21:37:39
483,127,40,2025-05-22 10:16:39
484,134,26,2025-06-19 07:39:57
485,255,72,2025-06-12 13:13:45
486,167,11,2025-06-27 15:45:00
487,305,94,2025-05-28 19:10:20
488,305,49,2025-06-12 10:04:21
489,46,65,2025-06-13 07:53:14
490,366,59,2025-05-22 04:00:39
491,283,24,2025-05-31 05:08:25
492,98,46,2025-06-03 02:53:46
493,221,91,2025-05-29 18:50:44
494,391,39,2025-05-14 21:08:30
495,144,95,2025-06-01 20:58:23
496,394,33,2025-05-21 13:45:44
497,349,65,2025-05-17 11:07:55
498,298,55,2025-05-14 23:49:03
499,176,68,2025-05-31 00:58:40
500,417,38,2025-05-27 08:08:54
501,329,93,2025-06-07 04:26:13
502,302,40,2025-06-20 05:39:40
503,394,36,2025-05-24 12:20:55
504,349,63,2025-06-25 19:12:14
505,316,47,2025-06-25 15:17:35
506,468,81,2025-05-29 13:40:30
507,261,33,2025-05-13 12:12:27
508,321,93,2025-06-20 21:27:48
509,243,65,2025-06-14 06:15:59
510,361,61,2025-06-07 07:34:49
511,339,54,2025-07-04 08:33:19
512,49,91,2025-06-04 07:55:43
513,195,88,2025-07-02 20:45:42
514,80,23,2025-05-20 18:04:09
515,60,82,2025-06-21 00:24:15
516,294,18,2025-06-25 16:27:05
517,109,92,2025-05-27 04:55:32
518,93,74,2025-06-04 04:48:27
519,99,68,2025-05-12 17:53:08
520,207,16,2025-05-16 01:16:52
521,156,73,2025-06-14 21:52:00
522,494,2,2025-06-17 23:40:18
523,203,90,2025-06-11 23:13:51
524,93,28,2025-05-15 13:15:26
525,182,85,2025-06-01 05:41:36
526,245,1,2025-06-21 10:15:38
527,477,92,2025-06-18 07:29:25
528,47,66,2025-06-13 15:40:33
529,149,100,2025-06-15 17:10:16
530,54,54,2025-05-29 14:38:12
531,344,62,2025-07-11 14:54:48
532,303,47,2025-06-01 22:50:32
533,334,35,2025-05-13 05:03:29
534,168,94,2025-05-14 20:42:28
535,293,84,2025-05-13 04:52:54
536,251,49,2025-06-06 03:25:12
537,68,1,2025-06-14 10:41:44
538,29,41,2025-05-29 04:46:58
539,61,71,2025-05-18 17:40:04
540,355,30,2025-07-06 21:51:16
541,324,11,2025-06-19 03:04:57
542,436,52,2025-06-23 15:09:59
543,180,95,2025-05-27 03:30:02
544,416,48,2025-05-26 23:16:38
545,266,84,2025-07-03 08:05:27
546,251,63,2025-05-15 20:23:50
547,235,58,2025-06-07 20:58:03
548,55,48,2025-06-30 07:15:00
549,159,93,2025-05-19 08:22:27
550,253,50,2025-06-19 03:59:25
551,8,33,2025-06-30 18:32:33
552,150,51,2025-06-10 19:38:02
553,2,72,2025-06-25 04:06:38
554,181,17,2025-05-29 17:59:53
555,498,65,2025-05-13 02:20:12
556,189,95,2025-07-02 17:38:21
557,153,83,2025-06-02 11:27:37
558,289,76,2025-05-16 00:29:57
559,329,40,2025-05-27 14:49:02
560,283,42,2025-06-10 06:36:20
561,125,10,2025-05-28 23:17:39
562,207,47,2025-05-13 08:58:39
563,408,37,2025-06-18 20:11:44
564,252,80,2025-06-14 00:44:39
565,416,67,2025-07-01 01:26:34
566,415,68,2025-07-11 06:02:18
567,274,76,2025-06-05 05:59:54
568,173,65,2025-06-02 13:58:35
569,142,19,2025-06-22 02:32:53
570,484,47,2025-06-24 13:45:45
571,207,95,2025-05-16 01:15:33
572,193,19,2025-05-25 01:28:25
573,443,1,2025-06-02 07:41:53
574,352,10,2025-07-09 12:10:33
575,48,90,2025-07-11 12:21:07
576,250,47,2025-05-16 01:49:47
577,417,6,2025-06-04 00:34:52
578,5,78,2025-06-03 08:55:52
579,27,77,2025-06-12 14:43:18
580,261,60,2025-05-13 12:31:56
581,270,30,2025-06-29 10:25:46
582,358,68,2025-06-23 20:34:42
583,167,88,2025-06-19 06:56:42
584,240,5,2025-06-20 02:57:40
585,161,49,2025-06-30 05:29:16
586,379,18,2025-06-01 03:12:18
587,489,54,2025-06-05 15:08:51
588,193,26,2025-06-15 05:47:04
589,461,5,2025-07-07 18:56:58
590,121,21,2025-07-07 18:59:54
591,272,33,2025-06-25 00:42:04
592,67,8,2025-06-17 20:30:48
593,413,12,2025-05-25 16:58:47
594,70,90,2025-05-21 14:10:34
595,148,73,2025-06-23 18:58:55
596,316,31,2025-05-19 06:21:00
597,415,11,2025-05-17 22:30:41
598,401,15,2025-07-03 04:27:45
599,365,34,2025-07-08 09:12:41
600,124,3,2025-07-06 13:37:07
601,497,46,2025-07-01 06:30:50
602,349,65,2025-05-17 11:11:09
603,412,42,2025-06-29 23:11:31
604,280,67,2025-06-19 12:19:21
605,373,41,2025-05-20 20:32:47
606,103,18,2025-07-01 00:23:08
607,234,38,2025-07-04 04:56:54
608,78,20,2025-06-15 13:56:32
609,12,51,2025-07-06 13:04:03
610,14,44,2025-06-21 23:41:36
611,351,36,2025-05-30 12:47:46
612,235,53,2025-07-07 05:50:44
613,382,59,2025-05-26 18:03:06
614,305,45,2025-05-25 19:19:07
615,473,91,2025-05-19 07:44:40
616,258,28,2025-06-06 07:02:34
617,120,10,2025-06-10 14:16:04
618,19,74,2025-06-08 22:15:20
619,9,26,2025-06-28 19:22:55
620,175,65,2025-05-28 19:45:40
621,495,92,2025-05-19 09:37:29
622,290,85,2025-06-30 16:41:41
623,26,43,2025-06-26 19:53:12
624,75,51,2025-06-01 10:10:10
625,249,80,2025-05-15 16:24:33
626,396,32,2025-05-22 15:32:34
627,36,27,2025-06-04 14:56:05
628,301,92,2025-05-17 21:10:36
629,404,46,2025-06-13 05:55:27
630,168,96,2025-06-22 22:52:58
631,74,56,2025-05-31 02:38:45
632,152,33,2025-06-10 23:39:55
633,354,60,2025-06-22 00:22:49
634,358,69,2025-06-23 20:24:46
635,317,42,2025-06-28 18:30:53
636,384,50,2025-06-14 17:30:54
637,129,89,2025-06-27 02:57:34
638,444,77,2025-06-22 08:28:16
639,379,96,2025-05-27 08:48:47
640,120,15,2025-06-14 10:10:13
641,153,17,2025-06-01 19:03:28
642,328,55,2025-06-18 10:23:18
643,175,40,2025-05-14 18:51:52
644,343,61,2025-05-23 04:17:08
645,45,91,2025-05-27 03:30:18
646,31,76,2025-05-30 03:03:03
647,169,51,2025-06-28 18:02:13
648,348,69,2025-05-20 11:39:40
649,414,18,2025-07-09 18:15:54
650,61,68,2025-05-18 17:32:19
651,249,15,2025-05-15 16:26:22
652,189,76,2025-06-19 07:31:30
653,42,25,2025-06-20 07:22:19
654,216,62,2025-06-22 20:37:37
655,337,94,2025-05-14 06:29:00
656,401,7,2025-06-11 20:17:12
657,140,1,2025-07-02 00:07:20
658,390,84,2025-05-19 20:46:04
659,316,10,2025-05-13 12:58:21
660,416,98,2025-07-01 01:11:40
661,122,87,2025-06-13 00:28:32
662,423,41,2025-07-09 18:33:14
663,43,95,2025-07-06 02:24:55
664,261,17,2025-05-17 20:00:56
665,95,25,2025-05-29 23:24:28
666,310,85,2025-06-13 18:13:44
667,345,21,2025-07-11 17:07:00
668,230,17,2025-05-28 08:21:32
669,22,100,2025-05-30 23:08:59
670,4,82,2025-06-09 13:02:25
671,54,74,2025-06-13 22:30:22
672,376,82,2025-06-10 08:32:15
673,446,46,2025-07-10 06:38:13
674,468,49,2025-05-29 13:44:11
675,356,40,2025-06-08 20:21:28
676,402,35,2025-05-19 11:14:55
677,301,89,2025-05-16 08:03:41
678,387,20,2025-06-14 00:08:35
679,253,13,2025-06-17 03:16:44
680,54,44,2025-05-29 14:37:14
681,134,53,2025-06-19 07:34:08
682,46,81,2025-06-13 07:37:18
683,216,78,2025-06-30 09:39:43
684,283,87,2025-05-26 10:06:07
685,122,5,2025-05-21 07:20:01
686,291,20,2025-06-06 15:28:36
687,161,25,2025-06-16 12:41:42
688,339,17,2025-06-17 04:39:55
689,359,17,2025-06-04 15:35:14
690,420,31,2025-06-27 08:43:25
691,442,69,2025-07-05 23:18:42
692,411,36,2025-05-30 14:21:40
693,325,31,2025-05-26 06:35:24
694,170,83,2025-06-21 05:36:22
695,365,41,2025-05-28 13:47:32
696,158,77,2025-05-19 23:58:09
697,443,37,2025-06-13 09:49:11
698,453,87,2025-07-08 00:50:55
699,363,21,2025-05-12 15:13:00
700,222,19,2025-05-28 17:43:58
701,81,68,2025-05-30 10:20:43
702,408,25,2025-06-18 20:04:00
703,162,7,2025-06-02 01:00:09
704,203,36,2025-06-16 01:59:10
705,241,2,2025-06-19 19:02:00
706,316,28,2025-07-01 02:16:20
707,374,24,2025-05-14 19:51:34
708,111,7,2025-06-22 14:08:42
709,269,82,2025-06-19 18:38:40
710,142,78,2025-07-09 23:42:28
711,73,4,2025-07-02 20:45:29
712,374,34,2025-05-28 00:29:31
713,92,1,2025-05-27 10:22:19
714,249,26,2025-06-14 17:57:43
715,329,4,2025-05-17 06:12:23
716,210,2,2025-05-28 11:34:44
717,339,62,2025-05-12 08:22:41
718,395,86,2025-06-20 12:55:39
719,303,23,2025-06-25 21:32:59
720,259,87,2025-05-12 12:22:51
721,443,90,2025-06-02 07:50:43
722,296,31,2025-07-10 14:44:02
723,9,97,2025-05-18 03:58:04
724,295,61,2025-07-05 09:49:45
725,429,83,2025-05-27 08:04:49
726,158,63,2025-05-19 23:55:03
727,163,46,2025-06-03 17:33:52
728,72,33,2025-06-30 02:43:54
729,312,51,2025-05-29 23:04:29
730,151,57,2025-05-21 14:39:40
731,192,57,2025-06-20 08:47:01
732,469,61,2025-05-29 11:00:17
733,28,44,2025-05-26 13:29:59
734,139,40,2025-06-17 17:53:59
735,292,14,2025-07-07 13:00:51
736,45,60,2025-06-10 19:19:57
737,164,24,2025-06-11 04:22:21
738,114,53,2025-06-27 17:45:10
739,374,14,2025-05-14 19:45:34
740,387,88,2025-06-15 13:14:58
741,102,75,2025-07-05 20:29:48
742,295,99,2025-07-05 09:47:57
743,241,96,2025-06-19 18:45:52
744,357,78,2025-06-11 15:06:34
745,345,23,2025-07-11 02:07:41
746,387,91,2025-06-15 13:08:17
747,284,18,2025-05-13 20:09:53
748,302,45,2025-06-01 16:53:00
749,165,83,2025-06-07 06:48:07
750,331,27,2025-07-10 09:51:17
751,146,29,2025-07-03 00:59:48
752,438,32,2025-05-29 19:18:27
753,407,7,2025-05-21 10:31:34
754,119,21,2025-06-13 05:07:45
755,144,80,2025-06-01 00:02:13
756,171,79,2025-05-22 19:30:24
757,185,43,2025-06-06 22:58:07
758,41,24,2025-05-20 15:21:02
759,85,58,2025-05-22 06:39:04
760,74,25,2025-06-26 15:32:46
761,392,91,2025-05-26 08:45:41
762,78,9,2025-06-15 13:41:35
763,190,78,2025-06-04 23:51:40
764,294,6,2025-05-13 09:57:08
765,469,58,2025-05-29 10:56:25
766,124,89,2025-06-29 01:42:52
767,162,15,2025-05-20 18:22:17
768,193,57,2025-06-17 19:01:14
769,40,77,2025-05-25 22:22:49
770,185,73,2025-06-06 23:04:42
771,348,47,2025-05-20 11:40:44
772,195,60,2025-05-25 03:53:52
773,63,12,2025-07-08 06:45:44
774,38,24,2025-05-28 20:51:21
775,396,95,2025-06-20 05:55:25
776,496,54,2025-07-09 21:41:28
777,302,24,2025-06-01 16:57:03
778,11,5,2025-06-30 16:17:46
779,256,51,2025-07-11 21:41:02
780,23,93,2025-06-10 18:38:48
781,246,42,2025-07-09 06:55:44
782,380,12,2025-06-10 18:26:55
783,404,1,2025-05-30 21:07:34
784,382,36,2025-05-28 10:29:04
785,328,25,2025-06-18 10:16:10
786,165,33,2025-06-07 05:07:27
787,226,51,2025-06-02 18:12:22
788,272,38,2025-07-01 03:51:41
789,264,27,2025-06-01 04:50:13
790,111,96,2025-05-22 19:31:58
791,331,54,2025-07-06 23:58:05
792,59,12,2025-06-04 04:27:42
793,407,19,2025-05-15 23:23:11
794,9,89,2025-06-14 13:57:08
795,80,1,2025-06-19 03:15:31
796,87,8,2025-05-12 17:56:25
797,72,81,2025-06-20 06:28:52
798,40,22,2025-05-14 23:37:23
799,120,51,2025-06-10 14:25:07
800,472,65,2025-06-17 18:49:43
801,485,41,2025-07-03 06:15:19
802,315,60,2025-06-19 11:27:54
803,157,7,2025-05-22 09:22:33
804,424,65,2025-07-11 10:25:15
805,202,70,2025-05-19 01:10:32
806,443,86,2025-05-24 06:02:58
807,77,14,2025-07-10 16:53:52
808,349,78,2025-05-19 04:20:56
809,287,25,2025-05-15 01:28:54
810,17,97,2025-06-18 17:52:09
811,273,28,2025-05-14 17:10:47
812,260,2,2025-06-06 07:56:37
813,459,76,2025-05-14 23:34:20
814,204,8,2025-05-18 03:47:25
815,74,55,2025-05-31 02:23:18
816,396,82,2025-07-01 21:02:00
817,311,44,2025-05-17 21:32:35
818,290,94,2025-07-10 14:51:14
819,493,83,2025-07-05 17:32:06
820,487,58,2025-06-29 03:25:43
821,354,37,2025-05-18 16:40:21
822,443,48,2025-06-03 13:22:13
823,76,53,2025-06-07 12:11:34
824,89,62,2025-06-21 03:14:46
825,351,71,2025-05-25 14:31:12
826,186,40,2025-06-21 07:29:26
827,72,84,2025-06-18 06:38:16
828,241,31,2025-07-11 09:31:39
829,272,36,2025-05-22 00:53:33
830,377,82,2025-06-26 20:03:47
831,282,29,2025-06-08 06:42:17
832,467,92,2025-06-30 02:20:14
833,133,49,2025-05-26 14:17:56
834,42,84,2025-06-20 07:30:22
835,439,53,2025-07-06 22:51:48
836,269,37,2025-06-19 18:21:36
837,425,43,2025-05-23 16:06:19
838,392,96,2025-07-04 03:03:17
839,379,95,2025-05-27 08:35:44
840,62,43,2025-06-15 09:34:36
841,406,60,2025-06-17 04:14:24
842,199,64,2025-07-06 20:14:51
843,185,41,2025-06-11 23:06:00
844,223,66,2025-05-12 22:15:08
845,168,14,2025-06-22 22:59:31
846,442,64,2025-05-27 08:38:27
847,229,73,2025-06-14 02:35:45
848,255,50,2025-06-18 16:00:38
849,10,91,2025-05-22 08:40:41
850,321,47,2025-06-20 21:26:58
851,441,53,2025-06-27 05:29:38
852,429,53,2025-06-23 02:21:53
853,397,6,2025-05-31 00:28:40
854,401,99,2025-06-28 11:41:41
855,82,91,2025-05-16 00:51:01
856,237,58,2025-05-30 08:15:41
857,192,20,2025-06-23 19:45:09
858,373,73,2025-05-24 22:39:08
859,98,95,2025-06-11 18:03:08
860,298,67,2025-06-28 18:43:41
861,225,82,2025-06-13 15:22:36
862,43,12,2025-05-18 16:00:03
863,100,73,2025-06-15 11:19:06
864,305,24,2025-06-12 10:00:34
865,233,42,2025-05-21 07:33:41
866,134,94,2025-07-03 16:43:14
867,152,44,2025-06-06 05:01:41
868,437,62,2025-05-20 20:03:50
869,122,82,2025-05-21 17:58:38
870,290,93,2025-06-30 16:40:12
871,100,59,2025-06-03 08:29:28
872,399,17,2025-06-15 07:00:41
873,45,63,2025-06-19 02:06:50
874,366,53,2025-05-22 10:33:32
875,114,35,2025-06-10 11:59:32
876,222,37,2025-06-30 20:00:31
877,125,55,2025-07-09 05:14:17
878,119,28,2025-06-13 04:53:35
879,226,24,2025-05-21 08:17:54
880,348,61,2025-05-26 04:39:03
881,418,70,2025-06-12 17:31:45
882,158,29,2025-06-10 23:26:00
883,52,20,2025-06-26 23:15:27
884,76,76,2025-05-27 09:33:24
885,255,19,2025-06-12 13:02:58
886,59,3,2025-05-18 13:14:20
887,473,100,2025-05-18 05:01:23
888,402,47,2025-06-29 16:07:11
889,224,97,2025-05-27 13:52:39
890,5,40,2025-07-10 11:50:53
891,149,25,2025-05-17 15:40:56
892,189,20,2025-06-19 07:21:33
893,131,78,2025-05-12 05:50:10
894,314,48,2025-06-04 14:06:07
895,213,12,2025-06-24 13:37:09
896,349,87,2025-07-06 04:36:30
897,163,40,2025-05-23 04:06:01
898,74,51,2025-07-08 21:46:29
899,199,72,2025-06-10 10:23:33
900,72,4,2025-06-30 02:44:35
901,327,56,2025-05-13 15:21:30
902,156,83,2025-06-29 23:36:47
903,333,76,2025-07-03 19:32:38
904,370,26,2025-06-25 07:13:54
905,23,7,2025-06-18 18:53:38
906,494,60,2025-06-17 23:42:56
907,52,28,2025-06-29 18:22:21
908,72,85,2025-06-30 22:12:06
909,256,97,2025-07-10 00:33:17
910,99,52,2025-05-12 18:03:19
911,211,88,2025-07-03 18:26:02
912,245,4,2025-06-16 06:21:55
913,337,57,2025-05-14 06:25:34
914,391,20,2025-06-04 04:38:21
915,289,39,2025-06-12 18:41:04
916,361,56,2025-06-07 07:42:18
917,345,49,2025-07-11 02:12:38
918,289,40,2025-06-24 22:06:39
919,399,72,2025-05-19 05:28:50
920,44,56,2025-07-04 16:34:51
921,251,1,2025-05-15 20:24:16
922,26,73,2025-05-15 11:16:43
923,6,40,2025-07-04 01:01:06
924,425,67,2025-05-23 16:10:08
925,407,65,2025-05-21 10:22:05
926,256,88,2025-06-26 03:25:07
927,312,94,2025-05-29 23:02:50
928,405,68,2025-05-29 00:22:40
929,373,43,2025-07-08 04:37:47
930,347,24,2025-07-01 08:27:32
931,43,82,2025-07-06 02:16:25
932,438,22,2025-06-05 08:40:08
933,487,62,2025-06-29 03:20:43
934,73,49,2025-05-15 13:33:38
935,103,73,2025-07-01 00:04:21
936,19,27,2025-06-23 20:03:55
937,361,42,2025-06-27 09:59:28
938,406,95,2025-05-14 22:26:12
939,45,63,2025-05-27 03:32:55
940,407,81,2025-06-08 09:56:16
941,87,92,2025-05-29 02:13:36
942,137,70,2025-05-30 20:24:17
943,60,78,2025-07-06 04:02:32
944,406,22,2025-05-14 22:36:56
945,175,8,2025-05-28 19:54:56
946,103,88,2025-06-04 17:02:49
947,273,60,2025-05-14 17:15:29
948,171,25,2025-07-06 08:03:51
949,258,88,2025-05-20 14:44:11
950,8,33,2025-06-30 18:37:55
951,289,33,2025-06-01 22:51:20
952,19,54,2025-05-24 11:11:58
953,150,14,2025-06-23 00:54:02
954,92,46,2025-05-14 22:12:37
955,396,39,2025-06-20 06:12:49
956,417,94,2025-06-06 13:29:03
957,142,12,2025-07-09 23:45:14
958,453,7,2025-06-28 01:53:51
959,351,66,2025-05-15 21:55:41
960,395,22,2025-05-29 14:28:41
961,171,71,2025-07-09 00:12:31
962,149,97,2025-07-10 01:46:07
963,202,90,2025-06-12 20:24:10
964,42,61,2025-06-30 09:57:30
965,172,22,2025-07-06 22:57:27
966,251,33,2025-06-06 03:32:30
967,421,33,2025-07-02 05:04:56
968,285,97,2025-06-12 15:50:53
969,365,88,2025-07-01 11:29:35
970,342,87,2025-05-13 18:18:16
971,440,47,2025-06-03 19:39:25
972,255,67,2025-06-12 13:13:23
973,399,80,2025-06-07 08:37:40
974,329,42,2025-06-11 14:13:53
975,419,12,2025-06-15 17:33:54
976,294,86,2025-05-13 09:59:49
977,120,35,2025-05-31 18:29:40
978,85,72,2025-06-15 21:45:35
979,189,30,2025-06-10 04:06:48
980,65,84,2025-07-09 04:24:17
981,295,13,2025-06-13 03:42:49
982,156,32,2025-05-18 03:47:12
983,257,4,2025-05-12 19:43:03
984,313,51,2025-06-19 23:45:03
985,4,95,2025-05-23 01:02:29
986,329,35,2025-05-29 03:06:13
987,243,54,2025-07-08 12:41:22
988,483,9,2025-07-06 20:49:42
989,122,83,2025-06-09 15:15:14
990,276,64,2025-07-09 23:34:01
991,117,78,2025-05-17 09:43:01
992,73,81,2025-06-24 15:09:22
993,128,71,2025-06-23 10:51:37
994,236,12,2025-07-10 13:05:14
995,388,21,2025-06-03 00:47:49
996,470,4,2025-05-21 18:49:27
997,499,50,2025-06-28 05:43:07
998,472,13,2025-06-17 18:58:40
999,220,98,2025-06-15 03:32:01
1000,285,24,2025-05-28 12:02:53
1001,461,1,2025-05-28 20:24:53
1002,221,20,2025-05-26 21:48:29
1003,417,75,2025-07-07 17:27:50
1004,365,47,2025-05-26 07:35:51
1005,357,28,2025-06-02 03:34:49
1006,373,25,2025-07-08 04:26:17
1007,294,51,2025-06-26 11:32:26
1008,283,98,2025-06-02 21:34:28
1009,5,28,2025-05-24 11:03:03
1010,384,9,2025-05-26 20:24:42
1011,423,99,2025-07-06 01:29:09
1012,271,76,2025-07-02 15:04:14
1013,120,23,2025-06-22 01:15:37
1014,124,22,2025-06-29 01:38:56
1015,88,6,2025-06-16 23:33:06
1016,486,32,2025-06-29 01:22:22
1017,327,71,2025-07-03 16:43:29
1018,231,55,2025-06-11 18:25:06
1019,496,24,2025-05-20 10:17:36
1020,472,15,2025-06-04 04:19:46
1021,59,80,2025-07-10 10:55:59
1022,90,78,2025-06-21 14:12:45
1023,495,32,2025-06-10 06:58:17
1024,240,85,2025-06-20 03:11:08
1025,71,63,2025-06-07 02:09:18
1026,93,41,2025-07-11 04:19:12
1027,324,74,2025-06-02 05:00:00
1028,304,89,2025-05-27 06:46:22
1029,284,1,2025-06-10 22:55:45
1030,417,1,2025-07-07 17:48:00
1031,117,14,2025-05-29 00:20:57
1032,73,75,2025-07-02 21:02:31
1033,395,97,2025-05-29 14:14:15
1034,477,60,2025-07-11 11:41:57
1035,369,44,2025-06-16 21:24:00
1036,305,97,2025-06-12 10:02:09
1037,158,38,2025-06-18 18:51:20
1038,331,68,2025-07-06 23:46:09
1039,156,33,2025-06-05 19:27:12
1040,77,66,2025-07-10 17:08:22
1041,466,15,2025-05-20 05:14:49
1042,315,10,2025-07-11 12:20:43
1043,329,37,2025-05-17 06:15:46
1044,213,64,2025-06-24 19:26:07
1045,392,56,2025-07-04 03:10:23
1046,433,15,2025-05-27 23:54:47
1047,421,60,2025-05-22 11:28:00
1048,311,8,2025-05-15 16:17:08
1049,381,89,2025-05-16 05:25:58
1050,406,58,2025-05-28 13:11:04
1051,291,18,2025-07-08 02:22:39
1052,202,19,2025-05-26 18:29:25
1053,431,24,2025-07-02 05:20:02
1054,231,33,2025-07-06 14:50:16
1055,81,6,2025-05-30 10:31:50
1056,407,31,2025-05-15 23:40:16
1057,40,94,2025-06-17 18:40:27
1058,413,67,2025-06-28 09:39:43
1059,435,70,2025-06-01 12:44:23
1060,438,26,2025-06-05 08:30:18
1061,229,81,2025-07-06 15:17:47
1062,391,73,2025-06-20 22:04:56
1063,322,15,2025-05-19 09:48:35
1064,408,27,2025-06-29 09:00:34
1065,231,15,2025-05-21 20:44:09
1066,418,86,2025-05-23 02:36:51
1067,212,2,2025-06-27 03:57:50
1068,286,48,2025-05-25 00:02:31
1069,360,91,2025-06-21 17:26:54
1070,324,23,2025-06-28 12:48:23
1071,124,90,2025-06-04 03:21:32
1072,270,70,2025-06-29 10:11:43
1073,319,18,2025-05-18 23:01:50
1074,204,95,2025-07-03 20:48:59
1075,373,24,2025-05-25 01:05:53
1076,411,58,2025-05-30 14:34:18
1077,177,21,2025-07-02 15:45:46
1078,150,19,2025-06-10 19:58:49
1079,284,6,2025-06-07 23:38:54
1080,292,12,2025-07-09 23:25:19
1081,142,15,2025-06-29 02:41:22
1082,437,56,2025-05-20 19:59:44
1083,83,73,2025-06-23 10:58:19
1084,325,93,2025-06-17 03:39:19
1085,213,22,2025-05-12 16:03:43
1086,269,96,2025-06-19 18:26:43
1087,250,22,2025-05-16 01:39:21
1088,76,64,2025-06-11 21:24:16
1089,111,4,2025-06-22 13:52:13
1090,468,96,2025-05-29 13:41:10
1091,4,52,2025-06-24 08:45:06
1092,304,65,2025-07-02 08:11:26
1093,494,15,2025-06-10 19:04:29
1094,58,60,2025-05-21 10:16:47
1095,9,53,2025-06-27 00:36:15
1096,397,77,2025-05-21 10:29:02
1097,479,23,2025-06-16 23:02:33
1098,51,13,2025-07-03 04:41:44
1099,129,25,2025-06-27 03:10:41
1100,12,51,2025-07-06 13:09:15
1101,98,97,2025-07-11 10:52:17
1102,295,56,2025-06-13 03:39:20
1103,489,30,2025-06-15 11:38:42
1104,272,22,2025-07-01 03:48:57
1105,255,6,2025-07-02 17:28:10
1106,202,74,2025-05-19 01:09:50
1107,128,11,2025-06-23 11:08:02
1108,495,88,2025-05-19 09:45:59
1109,50,27,2025-05-18 20:31:35
1110,226,3,2025-05-26 11:36:44
1111,125,87,2025-05-21 07:54:12
1112,124,47,2025-06-15 07:04:14
1113,291,10,2025-06-06 23:49:11
1114,255,67,2025-06-18 15:57:58
1115,241,100,2025-06-28 23:43:00
1116,370,8,2025-06-25 07:16:00
1117,80,44,2025-07-03 09:00:54
1118,459,58,2025-06-26 21:01:53
1119,250,41,2025-05-16 01:26:15
1120,269,68,2025-07-08 03:09:32
1121,173,65,2025-05-15 13:01:15
1122,248,21,2025-06-12 05:02:13
1123,212,38,2025-06-13 04:08:02
1124,481,63,2025-07-04 01:07:54
1125,446,8,2025-06-16 03:22:33
1126,213,64,2025-06-18 14:06:53
1127,365,33,2025-06-20 17:49:03
1128,368,58,2025-06-06 10:24:31
1129,458,63,2025-06-12 11:34:56
1130,408,94,2025-05-24 18:46:41
1131,387,72,2025-05-15 19:05:34
1132,458,93,2025-06-12 11:41:00
1133,248,4,2025-07-08 13:45:22
1134,270,58,2025-06-09 06:02:55
1135,170,35,2025-06-14 11:44:45
1136,22,38,2025-06-21 12:37:46
1137,268,44,2025-06-01 11:50:58
1138,164,30,2025-05-20 00:32:28
1139,497,42,2025-06-03 04:32:57
1140,2,1,2025-06-25 03:57:28
1141,496,64,2025-05-20 10:21:59
1142,182,57,2025-05-22 20:07:27
1143,264,59,2025-07-04 07:12:39
1144,331,77,2025-05-24 12:04:12
1145,285,32,2025-06-12 16:07:14
1146,133,18,2025-05-31 13:43:17
1147,353,24,2025-05-15 23:10:38
1148,249,4,2025-06-05 13:39:57
1149,185,89,2025-06-23 21:15:35
1150,189,31,2025-05-23 14:58:38
1151,471,2,2025-06-22 17:34:43
1152,199,14,2025-06-27 22:18:03
1153,387,97,2025-05-28 15:16:08
1154,332,9,2025-05-25 00:16:08
1155,165,33,2025-06-07 06:45:42
1156,455,55,2025-05-16 10:00:46
1157,357,50,2025-06-11 15:15:42
1158,293,4,2025-07-05 11:37:54
1159,468,80,2025-06-21 02:08:53
1160,125,6,2025-05-28 23:13:19
1161,125,4,2025-05-21 07:59:54
1162,446,39,2025-06-16 03:16:01
1163,80,52,2025-06-11 13:31:52
1164,453,9,2025-07-09 08:00:21
1165,103,87,2025-07-07 17:54:32
1166,206,82,2025-07-07 12:37:46
1167,358,35,2025-06-21 18:01:25
1168,8,10,2025-06-10 07:48:26
1169,47,12,2025-06-13 15:47:27
1170,227,7,2025-05-13 16:29:52
1171,48,51,2025-06-16 11:37:54
1172,276,70,2025-05-27 06:24:46
1173,296,57,2025-06-25 17:06:10
1174,288,56,2025-06-19 10:09:47
1175,177,72,2025-06-08 23:38:51
1176,417,25,2025-07-07 17:45:58
1177,471,85,2025-06-22 17:25:27
1178,494,21,2025-06-17 23:33:15
1179,345,8,2025-07-11 02:07:11
1180,156,95,2025-05-18 19:41:32
1181,136,78,2025-06-25 16:51:18
1182,113,40,2025-05-14 02:48:03
1183,380,39,2025-05-19 04:52:05
1184,241,88,2025-05-21 17:42:02
1185,408,32,2025-05-24 19:04:57
1186,469,85,2025-05-29 11:10:23
1187,298,16,2025-05-15 00:04:36
1188,137,8,2025-05-24 04:57:22
1189,276,13,2025-07-09 23:26:31
1190,321,43,2025-05-31 14:50:05
1191,32,53,2025-06-03 09:20:41
1192,27,89,2025-06-12 14:38:43
1193,46,60,2025-05-12 19:41:00
1194,436,54,2025-06-24 21:04:08
1195,4,75,2025-06-14 21:32:08
1196,292,17,2025-07-07 13:00:09
1197,263,73,2025-05-15 08:11:10
1198,438,95,2025-05-29 19:00:00
1199,147,13,2025-05-27 04:58:24
1200,219,5,2025-06-23 04:55:24
1201,437,20,2025-05-20 19:47:00
1202,118,58,2025-06-13 22:37:14
1203,65,40,2025-06-02 07:51:16
1204,498,10,2025-05-13 02:13:47
1205,41,60,2025-06-19 20:11:23
1206,279,17,2025-05-21 21:56:28
1207,488,86,2025-06-23 03:30:32
1208,108,72,2025-05-12 13:50:27
1209,48,33,2025-06-12 11:03:59
1210,50,45,2025-05-18 20:17:34
1211,199,40,2025-06-27 22:30:24
1212,313,65,2025-05-27 14:20:38
1213,351,57,2025-05-25 14:24:27
1214,480,85,2025-05-26 15:19:18
1215,102,42,2025-05-19 20:20:30
1216,277,94,2025-06-10 17:25:16
1217,349,8,2025-06-25 19:16:02
1218,345,46,2025-07-09 15:27:17
1219,316,76,2025-07-10 16:22:14
1220,38,89,2025-06-16 20:06:15
1221,139,69,2025-06-17 17:44:06
1222,79,68,2025-06-04 20:15:43
1223,314,72,2025-06-04 14:21:11
1224,269,31,2025-06-19 18:31:41
1225,50,91,2025-05-18 20:26:51
1226,39,64,2025-06-28 14:55:29
1227,301,59,2025-06-28 17:13:32
1228,361,80,2025-06-09 22:41:02
1229,143,25,2025-06-04 03:43:05
1230,125,81,2025-05-28 23:25:38
1231,339,44,2025-05-20 05:01:26
1232,398,61,2025-06-21 10:13:48
1233,46,81,2025-05-29 02:22:54
1234,447,21,2025-06-23 03:52:35
1235,449,33,2025-06-23 03:48:50
1236,411,79,2025-06-10 09:19:12
1237,276,74,2025-07-09 23:34:20
1238,69,52,2025-06-30 21:23:39
1239,264,55,2025-06-21 16:47:43
1240,48,92,2025-05-29 23:46:43
1241,103,68,2025-06-20 04:14:37
1242,357,99,2025-05-23 10:25:47
1243,315,37,2025-05-12 16:35:51
1244,7,37,2025-05-21 13:14:52
1245,425,18,2025-05-23 16:19:19
1246,243,59,2025-06-14 06:07:22
1247,397,75,2025-07-06 16:47:47
1248,42,30,2025-06-20 07:18:23
1249,351,93,2025-05-27 04:00:15
1250,335,87,2025-06-21 06:05:33
1251,302,17,2025-06-13 04:37:56
1252,225,31,2025-06-02 06:17:30
1253,344,10,2025-06-18 05:35:10
1254,181,94,2025-07-09 23:50:28
1255,22,54,2025-05-30 23:19:05
1256,441,59,2025-05-22 21:42:50
1257,392,22,2025-07-06 18:47:06
1258,306,61,2025-05-14 13:14:40
1259,271,43,2025-07-02 14:53:03
1260,242,31,2025-05-21 03:09:17
1261,341,1,2025-05-14 23:34:31
1262,27,81,2025-06-19 11:05:37
1263,78,8,2025-06-15 13:40:39
1264,399,53,2025-06-07 08:28:00
1265,339,25,2025-07-04 08:34:38
1266,220,35,2025-06-03 03:36:53
1267,262,15,2025-06-13 20:57:33
1268,486,89,2025-05-21 10:09:39
1269,198,12,2025-05-25 12:31:50
1270,276,51,2025-05-27 06:36:18
1271,452,26,2025-05-23 22:31:57
1272,352,89,2025-07-09 11:58:50
1273,67,23,2025-06-19 23:27:15
1274,39,28,2025-06-21 12:54:03
1275,411,22,2025-07-10 00:56:06
1276,211,72,2025-07-03 18:19:04
1277,412,24,2025-06-02 08:52:11
1278,165,25,2025-06-30 08:08:26
1279,316,59,2025-07-10 16:01:20
1280,129,37,2025-07-08 14:49:40
1281,156,35,2025-06-20 03:16:47
1282,413,47,2025-06-20 07:49:02
1283,430,16,2025-06-20 16:33:32
1284,11,40,2025-06-30 16:00:36
1285,41,35,2025-06-19 20:19:55
1286,255,19,2025-07-05 12:37:54
1287,487,10,2025-06-12 22:58:24
1288,284,60,2025-07-02 20:57:49
1289,14,34,2025-06-21 23:58:42
1290,387,34,2025-06-28 04:56:36
1291,189,73,2025-06-29 20:46:02
1292,319,62,2025-06-02 03:04:33
1293,59,37,2025-06-18 12:41:23
1294,215,98,2025-06-12 09:07:21
1295,348,81,2025-07-02 12:39:56
1296,17,69,2025-07-05 23:16:51
1297,10,39,2025-06-26 07:43:48
1298,166,81,2025-06-22 21:04:50
1299,365,49,2025-06-20 17:42:16
1300,105,65,2025-06-24 18:52:37
1301,226,47,2025-06-21 23:34:09
1302,302,21,2025-06-01 17:12:18
1303,239,15,2025-06-18 09:44:55
1304,304,53,2025-05-27 06:55:13
1305,2,97,2025-05-13 15:17:04
1306,390,83,2025-06-29 03:05:20
1307,153,23,2025-06-02 11:31:26
1308,167,85,2025-07-05 09:43:38
1309,500,37,2025-06-11 16:10:00
1310,48,76,2025-05-19 01:46:03
1311,427,65,2025-06-09 09:49:54
1312,324,23,2025-06-02 04:44:50
1313,361,57,2025-06-07 07:53:46
1314,168,27,2025-07-10 13:41:56
1315,171,28,2025-05-29 04:07:31
1316,486,80,2025-05-16 23:24:44
1317,273,68,2025-05-28 16:35:15
1318,195,48,2025-06-14 13:54:51
1319,42,73,2025-06-20 07:11:32
1320,377,47,2025-06-17 07:51:47
1321,497,1,2025-05-22 19:17:42
1322,113,60,2025-05-14 02:37:11
1323,1,16,2025-06-30 00:08:31
1324,314,48,2025-06-04 14:27:13
1325,58,10,2025-05-25 01:10:12
1326,231,29,2025-05-21 20:40:39
1327,113,62,2025-06-08 01:26:16
1328,73,23,2025-05-19 21:26:48
1329,161,31,2025-05-31 09:17:53
1330,398,44,2025-07-11 03:26:44
1331,486,72,2025-06-29 01:24:03
1332,286,34,2025-05-22 19:13:31
1333,5,95,2025-05-28 07:52:51
1334,313,10,2025-06-19 23:26:09
1335,426,93,2025-07-01 03:41:56
1336,356,12,2025-05-21 08:21:41
1337,404,33,2025-06-13 05:45:00
1338,447,39,2025-06-09 14:22:47
1339,470,96,2025-05-21 19:03:09
1340,27,69,2025-06-16 02:46:54
1341,348,88,2025-06-20 07:46:48
1342,144,22,2025-05-26 03:15:06
1343,238,27,2025-06-16 19:27:57
1344,362,82,2025-06-03 04:35:40
1345,289,35,2025-06-28 00:36:23
1346,332,54,2025-05-23 04:17:13
1347,331,55,2025-05-24 12:03:27
1348,306,95,2025-05-18 08:10:15
1349,135,50,2025-06-09 18:48:07
1350,247,93,2025-06-27 12:58:41
1351,19,49,2025-05-24 11:18:42
1352,161,81,2025-06-24 21:19:42
1353,289,32,2025-06-01 22:51:52
1354,45,40,2025-06-19 02:14:01
1355,16,14,2025-07-03 00:49:33
1356,157,9,2025-07-06 06:57:40
1357,466,63,2025-05-29 11:24:53
1358,302,90,2025-06-01 17:12:27
1359,498,5,2025-05-26 19:46:32
1360,89,44,2025-06-21 03:09:25
1361,405,55,2025-07-03 19:12:05
1362,128,99,2025-06-26 21:02:35
1363,2,57,2025-05-13 15:03:10
1364,417,45,2025-05-27 08:10:20
1365,104,2,2025-05-29 19:41:02
1366,292,14,2025-07-09 23:23:25
1367,447,41,2025-05-22 05:32:53
1368,100,18,2025-06-03 08:32:24
1369,433,25,2025-07-08 10:39:51
1370,294,54,2025-06-21 21:31:26
1371,289,1,2025-05-13 07:48:38
1372,155,98,2025-06-05 06:40:33
1373,443,24,2025-06-13 10:03:21
1374,85,22,2025-06-15 21:46:11
1375,282,80,2025-05-12 11:19:51
1376,494,54,2025-06-18 11:04:05
1377,294,30,2025-06-21 21:51:44
1378,114,18,2025-06-21 05:08:45
1379,301,23,2025-06-25 18:27:13
1380,15,71,2025-06-01 00:09:33
1381,446,11,2025-07-10 06:22:17
1382,284,96,2025-06-19 21:00:16
1383,144,79,2025-05-26 03:23:17
1384,468,38,2025-06-04 22:46:58
1385,119,48,2025-06-29 23:51:50
1386,491,60,2025-07-02 23:37:46
1387,306,51,2025-06-07 18:10:49
1388,498,80,2025-05-26 19:54:00
1389,109,82,2025-05-17 13:14:03
1390,156,65,2025-06-05 19:28:40
1391,212,21,2025-06-05 21:43:30
1392,373,8,2025-05-24 22:47:44
1393,308,9,2025-06-28 19:33:09
1394,262,11,2025-07-08 20:47:25
1395,259,35,2025-05-12 12:16:18
1396,210,33,2025-05-28 11:32:09
1397,365,2,2025-06-20 17:56:04
1398,357,61,2025-06-09 18:01:54
1399,345,63,2025-07-04 12:27:15
1400,302,32,2025-06-20 06:01:27
1401,319,69,2025-05-18 22:52:57
1402,90,9,2025-06-21 14:36:39
1403,438,46,2025-05-29 19:18:46
1404,424,48,2025-06-26 05:40:24
1405,379,67,2025-05-31 16:53:08
1406,182,42,2025-06-01 05:38:17
1407,479,91,2025-06-21 21:34:06
1408,394,35,2025-05-21 13:48:32
1409,256,42,2025-05-22 15:00:40
1410,191,61,2025-05-31 04:07:45
1411,245,56,2025-06-16 06:27:28
1412,181,97,2025-06-06 15:03:01
1413,160,90,2025-07-10 23:28:35
1414,421,65,2025-07-07 15:34:29
1415,488,76,2025-06-23 03:31:21
1416,152,4,2025-06-06 05:01:14
1417,471,41,2025-05-21 10:11:55
1418,237,62,2025-06-08 04:26:24
1419,119,61,2025-05-12 03:13:56
1420,386,77,2025-07-08 00:35:23
1421,365,69,2025-06-19 15:11:24
1422,344,50,2025-07-06 12:12:37
1423,204,56,2025-06-08 09:27:53
1424,249,61,2025-06-05 13:46:34
1425,289,93,2025-06-22 06:40:24
1426,132,13,2025-07-02 09:10:15
1427,201,48,2025-06-13 14:26:37
1428,155,28,2025-06-05 06:59:25
1429,128,35,2025-06-11 06:28:38
1430,20,87,2025-06-15 17:45:17
1431,90,14,2025-06-21 14:22:56
1432,154,1,2025-06-01 14:00:43
1433,191,30,2025-07-03 16:44:49
1434,358,8,2025-06-23 20:28:02
1435,36,44,2025-06-29 04:51:05
1436,24,95,2025-05-14 19:06:08
1437,455,18,2025-06-17 02:23:49
1438,196,46,2025-05-14 21:30:33
1439,49,81,2025-06-04 08:00:54
1440,240,80,2025-06-19 13:44:37
1441,212,50,2025-06-05 21:56:55
1442,305,92,2025-05-25 19:04:06
1443,317,80,2025-06-12 13:22:12
1444,450,28,2025-06-07 15:34:53
1445,159,40,2025-05-19 08:30:46
1446,192,60,2025-07-05 12:28:33
1447,72,3,2025-06-20 06:40:20
1448,301,42,2025-06-01 06:34:06
1449,113,22,2025-06-08 01:09:50
1450,184,8,2025-07-04 05:22:09
1451,396,65,2025-06-20 06:02:17
1452,114,17,2025-06-27 17:43:51
1453,305,22,2025-05-28 19:11:14
1454,486,18,2025-05-21 10:18:04
1455,416,40,2025-07-01 01:32:03
1456,269,37,2025-05-13 23:06:31
1457,420,68,2025-06-27 08:21:13
1458,255,17,2025-05-28 21:12:01
1459,22,45,2025-05-12 19:24:19
1460,291,38,2025-06-06 23:30:30
1461,349,65,2025-06-13 03:02:39
1462,55,78,2025-06-10 18:08:36
1463,81,30,2025-05-30 10:21:32
1464,232,52,2025-05-18 19:01:57
1465,164,31,2025-07-03 14:45:47
1466,284,21,2025-07-02 20:55:40
1467,102,83,2025-06-27 23:30:35
1468,441,61,2025-06-24 00:08:42
1469,356,98,2025-05-21 08:41:48
1470,349,76,2025-06-16 14:14:05
1471,302,5,2025-06-20 05:52:38
1472,360,93,2025-06-17 12:54:45
1473,226,88,2025-06-21 23:43:59
1474,347,100,2025-06-14 11:12:58
1475,52,59,2025-06-29 18:07:28
1476,354,63,2025-07-04 06:45:51
1477,204,72,2025-06-11 07:49:32
1478,44,46,2025-07-04 16:36:19
1479,38,96,2025-06-05 10:20:09
1480,35,43,2025-07-05 23:32:26
1481,328,22,2025-05-12 22:00:20
1482,89,43,2025-06-10 17:59:47
1483,137,38,2025-06-09 02:01:51
1484,47,59,2025-06-13 22:51:39
1485,283,82,2025-05-29 12:52:51
1486,192,11,2025-06-20 08:57:21
1487,396,63,2025-05-17 08:47:04
1488,361,99,2025-05-18 07:24:42
1489,190,21,2025-06-30 00:14:15
1490,106,76,2025-05-29 18:25:55
1491,40,23,2025-06-24 20:50:52
1492,120,36,2025-05-31 18:47:16
1493,303,88,2025-06-25 21:39:33
1494,214,42,2025-06-11 14:32:53
1495,229,27,2025-05-22 16:03:23
1496,392,51,2025-06-26 23:31:44
1497,413,33,2025-05-25 17:03:22
1498,83,75,2025-06-23 11:05:44
1499,131,79,2025-07-09 13:41:24
1500,72,19,2025-06-18 06:39:23
1501,293,29,2025-05-22 23:57:10
1502,272,67,2025-06-14 16:24:35
1503,161,35,2025-06-24 21:06:53
1504,296,57,2025-07-10 14:39:39
1505,110,8,2025-05-12 22:41:52
1506,33,34,2025-06-23 07:46:33
1507,149,44,2025-06-15 17:17:45
1508,214,92,2025-05-29 11:17:02
1509,407,17,2025-05-15 23:27:30
1510,406,19,2025-05-28 13:24:51
1511,406,73,2025-06-17 04:14:39
1512,14,61,2025-06-21 23:49:58
1513,37,29,2025-05-15 00:32:12
1514,187,70,2025-06-08 20:08:59
1515,302,9,2025-06-13 04:37:50
1516,96,26,2025-06-23 07:30:06
1517,427,78,2025-06-06 04:05:43
1518,346,49,2025-06-17 15:08:09
1519,72,32,2025-06-30 22:13:27
1520,272,21,2025-05-28 06:56:25
1521,421,37,2025-07-02 05:18:32
1522,370,10,2025-06-17 09:12:22
1523,437,17,2025-07-05 07:23:56
1524,500,56,2025-06-26 10:55:11
1525,476,3,2025-05-31 22:19:10
1526,291,8,2025-06-06 23:45:52
1527,125,46,2025-05-21 07:58:36
1528,295,3,2025-05-31 19:19:51
1529,365,32,2025-06-23 08:34:14
1530,130,34,2025-05-16 04:54:43
1531,118,10,2025-07-02 04:21:54
1532,34,68,2025-05-18 00:28:12
1533,33,64,2025-05-15 20:53:11
1534,295,64,2025-07-05 09:34:42
1535,326,58,2025-05-23 20:27:52
1536,29,67,2025-06-24 12:59:44
1537,44,84,2025-05-30 12:01:32
1538,258,45,2025-05-20 14:56:33
1539,216,25,2025-05-18 19:09:50
1540,303,28,2025-06-01 22:51:23
1541,42,65,2025-06-30 09:37:53
1542,167,37,2025-06-19 06:50:47
1543,80,92,2025-06-19 03:14:53
1544,192,9,2025-05-12 10:02:27
1545,145,11,2025-05-27 11:44:35
1546,160,7,2025-07-10 23:16:11
1547,48,26,2025-07-11 12:25:20
1548,163,30,2025-05-23 03:48:44
1549,38,65,2025-05-28 21:01:14
1550,472,38,2025-06-12 00:06:47
1551,9,12,2025-05-18 03:59:26
1552,465,84,2025-05-28 14:38:54
1553,325,32,2025-06-08 21:37:47
1554,80,84,2025-06-11 13:35:48
1555,371,7,2025-06-16 22:37:08
1556,493,24,2025-07-07 00:18:09
1557,453,3,2025-05-19 08:00:14
1558,347,78,2025-06-14 11:08:45
1559,165,12,2025-06-24 01:23:14
1560,495,61,2025-06-04 14:09:49
1561,220,70,2025-06-03 03:36:30
1562,7,94,2025-06-07 00:05:40
1563,226,88,2025-06-02 18:05:32
1564,238,5,2025-06-07 19:09:12
1565,311,31,2025-06-29 17:51:24
1566,193,63,2025-06-15 05:51:52
1567,361,93,2025-06-09 22:34:24
1568,41,64,2025-05-20 15:26:50
1569,489,60,2025-05-16 18:02:03
1570,17,31,2025-06-18 05:35:03
1571,349,44,2025-06-13 03:06:19
1572,411,49,2025-06-10 09:21:32
1573,56,46,2025-06-19 20:58:36
1574,68,39,2025-05-29 19:44:00
1575,245,80,2025-06-19 13:16:13
1576,349,27,2025-06-26 15:54:09
1577,297,65,2025-05-27 14:07:53
1578,392,79,2025-06-06 22:49:31
1579,156,90,2025-06-14 21:59:44
1580,212,26,2025-06-27 04:09:12
1581,209,99,2025-07-11 09:48:56
1582,40,15,2025-06-24 20:33:20
1583,257,7,2025-07-08 05:05:46
1584,21,49,2025-05-13 14:07:14
1585,345,27,2025-07-04 12:41:03
1586,256,41,2025-06-28 10:51:27
1587,449,27,2025-05-12 08:30:11
1588,144,7,2025-05-26 03:22:55
1589,9,80,2025-05-30 08:44:11
1590,412,97,2025-06-22 18:44:56
1591,280,25,2025-06-12 15:02:25
1592,323,32,2025-06-26 01:08:48
1593,56,84,2025-06-04 23:32:28
1594,189,27,2025-07-02 17:39:08
1595,114,87,2025-05-23 17:11:43
1596,260,40,2025-07-09 21:13:33
1597,392,67,2025-07-08 23:56:21
1598,387,44,2025-06-28 04:47:34
1599,301,60,2025-05-16 07:58:13
1600,295,19,2025-05-31 19:19:08
1601,6,33,2025-05-26 10:03:09
1602,22,56,2025-07-07 19:46:49
1603,62,55,2025-05-30 15:04:24
1604,29,50,2025-06-24 13:08:38
1605,463,37,2025-06-19 06:18:02
1606,58,14,2025-06-12 04:15:27
1607,254,81,2025-05-13 08:40:48
1608,284,96,2025-05-13 20:17:40
1609,377,40,2025-06-17 08:00:54
1610,256,62,2025-07-10 00:31:10
1611,171,21,2025-07-09 00:03:00
1612,314,54,2025-06-13 17:45:57
1613,21,72,2025-05-13 13:54:17
1614,85,95,2025-06-15 21:35:51
1615,487,85,2025-06-12 22:59:27
1616,167,59,2025-07-05 09:54:12
1617,157,75,2025-05-22 09:16:37
1618,181,32,2025-07-09 23:33:27
1619,357,23,2025-05-23 10:32:35
1620,422,37,2025-05-31 08:49:04
1621,274,56,2025-06-05 06:00:11
1622,379,42,2025-06-01 03:18:11
1623,477,22,2025-05-30 07:58:28
1624,266,22,2025-06-23 12:38:55
1625,113,5,2025-06-08 01:12:14
1626,88,30,2025-06-16 23:39:10
1627,336,65,2025-05-12 02:45:24
1628,237,27,2025-07-02 03:18:46
1629,137,60,2025-06-26 19:23:41
1630,209,21,2025-07-11 09:37:04
1631,405,70,2025-07-03 19:15:37
1632,62,69,2025-05-17 15:49:37
1633,335,68,2025-06-21 06:12:48
1634,47,78,2025-06-15 10:30:27
1635,438,76,2025-06-12 20:50:00
1636,9,92,2025-05-20 04:28:33
1637,44,39,2025-06-20 00:22:47
1638,486,46,2025-05-21 10:07:56
1639,254,50,2025-06-07 04:21:38
1640,389,93,2025-05-19 20:09:16
1641,483,80,2025-05-31 06:33:59
1642,259,9,2025-05-12 12:35:46
1643,358,90,2025-06-28 16:45:04
1644,358,36,2025-06-28 16:35:51
1645,167,51,2025-06-27 15:44:53
1646,29,38,2025-05-29 04:42:54
1647,288,56,2025-06-19 10:00:57
1648,351,99,2025-05-30 12:52:10
1649,433,19,2025-07-08 10:45:12
1650,154,75,2025-05-16 07:23:44
1651,55,4,2025-07-10 15:20:59
1652,168,10,2025-05-14 20:39:15
1653,479,22,2025-07-10 19:25:43
1654,365,20,2025-06-23 08:45:13
1655,147,49,2025-05-14 19:47:40
1656,266,69,2025-06-02 12:52:36
1657,173,43,2025-06-04 22:39:36
1658,17,64,2025-06-18 05:21:10
1659,170,9,2025-06-05 17:01:55
1660,245,76,2025-06-19 13:30:16
1661,325,98,2025-06-17 03:46:04
1662,7,77,2025-06-07 00:23:43
1663,42,45,2025-06-30 09:38:01
1664,167,16,2025-06-19 07:10:40
1665,74,39,2025-07-08 21:54:46
1666,463,58,2025-05-13 06:43:50
1667,10,96,2025-06-02 07:21:26
1668,41,87,2025-05-20 15:19:00
1669,475,55,2025-06-30 18:31:43
1670,311,19,2025-05-15 16:14:37
1671,39,44,2025-06-20 09:52:37
1672,228,96,2025-07-07 19:47:28
1673,150,65,2025-06-04 05:23:16
1674,347,4,2025-06-14 11:03:55
1675,207,89,2025-05-13 09:07:06
1676,402,86,2025-05-19 11:03:18
1677,464,60,2025-07-07 08:03:22
1678,120,92,2025-05-31 18:29:10
1679,257,82,2025-07-08 05:17:54
1680,293,31,2025-06-28 05:33:00
1681,481,90,2025-07-07 15:38:19
1682,298,6,2025-05-15 00:07:52
1683,330,32,2025-07-07 05:42:52
1684,89,53,2025-06-07 14:42:50
1685,21,29,2025-05-13 14:08:35
1686,292,39,2025-06-02 15:00:25
1687,142,96,2025-07-04 00:12:48
1688,240,76,2025-06-30 02:49:21
1689,243,17,2025-07-11 06:24:50
1690,231,96,2025-07-06 14:51:26
1691,196,50,2025-06-16 16:37:43
1692,387,45,2025-06-15 13:22:58
1693,477,42,2025-07-09 23:28:39
1694,365,63,2025-06-19 15:16:04
1695,39,37,2025-07-11 11:50:19
1696,387,23,2025-05-15 19:07:42
1697,429,65,2025-06-24 19:08:37
1698,424,86,2025-06-26 05:41:29
1699,235,17,2025-06-14 21:48:51
1700,440,97,2025-05-22 20:13:50
1701,369,63,2025-06-12 08:09:23
1702,65,65,2025-06-20 22:03:23
1703,416,12,2025-07-01 01:21:48
1704,63,88,2025-06-11 13:24:45
1705,203,55,2025-05-20 21:38:24
1706,327,67,2025-05-13 15:15:44
1707,448,9,2025-06-22 13:15:26
1708,373,46,2025-06-01 06:41:33
1709,20,15,2025-06-15 17:50:39
1710,472,42,2025-06-17 18:54:01
1711,219,54,2025-05-15 06:17:25
1712,118,54,2025-07-02 04:22:18
1713,103,54,2025-06-20 04:18:15
1714,486,72,2025-06-21 17:18:20
1715,208,39,2025-06-08 22:54:00
1716,68,73,2025-06-30 09:40:03
1717,493,54,2025-07-05 17:24:01
1718,486,50,2025-05-21 10:13:40
1719,317,53,2025-05-31 11:00:42
1720,44,2,2025-05-16 02:17:34
1721,210,73,2025-05-17 20:02:24
1722,447,41,2025-06-26 02:24:20
1723,154,90,2025-06-27 06:35:17
1724,418,15,2025-05-17 19:22:50
1725,159,29,2025-05-19 08:14:45
1726,62,76,2025-06-15 09:41:53
1727,461,54,2025-07-07 18:54:59
1728,175,24,2025-05-28 19:34:35
1729,480,34,2025-05-16 23:47:48
1730,147,10,2025-05-14 19:48:12
1731,289,20,2025-06-12 18:40:11
1732,455,51,2025-05-16 10:14:49
1733,118,52,2025-06-08 15:34:19
1734,205,76,2025-06-11 11:11:21
1735,1,11,2025-06-30 00:04:34
1736,76,83,2025-06-07 12:31:40
1737,88,55,2025-06-16 23:46:13
1738,417,58,2025-05-12 03:51:21
1739,340,72,2025-06-21 19:29:42
1740,364,50,2025-06-05 14:41:41
1741,88,63,2025-05-17 08:14:13
1742,54,39,2025-05-29 14:40:40
1743,280,62,2025-07-10 15:39:45
1744,122,97,2025-06-09 15:25:37
1745,285,81,2025-06-30 18:01:59
1746,237,53,2025-05-30 08:11:42
1747,47,11,2025-06-13 15:51:14
1748,273,55,2025-06-09 09:29:59
1749,68,8,2025-06-14 10:43:28
1750,336,21,2025-06-21 08:46:56
1751,73,81,2025-05-15 13:22:24
1752,231,34,2025-06-02 19:50:55
1753,480,27,2025-06-03 18:30:54
1754,106,74,2025-05-29 18:10:31
1755,166,24,2025-06-22 21:06:27
1756,98,73,2025-06-11 18:18:49
1757,461,11,2025-07-07 19:02:59
1758,329,33,2025-05-17 05:55:46
1759,350,31,2025-06-23 05:48:06
1760,44,16,2025-07-07 09:34:10
1761,434,62,2025-07-02 08:53:46
1762,444,52,2025-05-28 11:26:53
1763,92,92,2025-05-27 10:12:20
1764,45,15,2025-05-27 03:41:13
1765,87,50,2025-07-07 08:26:21
1766,72,14,2025-06-06 20:55:06
1767,184,12,2025-07-04 05:38:36
1768,89,65,2025-06-10 17:55:29
1769,420,32,2025-06-27 08:36:21
1770,257,88,2025-07-08 05:23:14
1771,154,3,2025-05-16 07:41:25
1772,22,47,2025-06-21 12:59:10
1773,407,45,2025-06-22 15:05:52
1774,275,50,2025-05-25 12:12:11
1775,33,54,2025-05-15 20:40:22
1776,9,23,2025-06-28 19:07:18
1777,101,2,2025-07-02 21:30:08
1778,364,25,2025-06-05 14:33:47
1779,458,54,2025-05-18 21:48:53
1780,406,27,2025-05-28 13:32:35
1781,259,95,2025-05-22 20:55:25
1782,101,63,2025-07-02 21:31:33
1783,302,48,2025-06-13 04:27:03
1784,110,80,2025-05-20 20:09:24
1785,285,38,2025-06-12 15:48:10
1786,196,99,2025-05-14 21:32:29
1787,74,67,2025-07-08 21:52:30
1788,295,9,2025-06-14 00:30:01
1789,37,39,2025-05-15 00:08:47
1790,101,91,2025-07-02 21:17:14
1791,328,28,2025-06-01 05:41:59
1792,472,61,2025-06-12 00:04:07
1793,487,3,2025-05-25 08:25:59
1794,349,97,2025-06-13 02:55:06
1795,348,40,2025-06-20 07:51:34
1796,74,23,2025-05-31 02:40:17
1797,129,57,2025-06-27 03:03:46
1798,159,89,2025-06-01 13:50:59
1799,14,27,2025-05-20 08:15:08
1800,114,17,2025-06-25 09:11:27
1801,137,93,2025-05-30 09:40:18
1802,29,44,2025-05-29 04:46:49
1803,340,11,2025-05-19 20:02:24
1804,59,72,2025-06-30 23:35:05
1805,247,89,2025-06-27 13:02:56
1806,368,2,2025-06-06 10:11:59
1807,48,70,2025-06-27 21:17:22
1808,232,88,2025-06-12 17:03:06
1809,448,87,2025-06-23 21:08:14
1810,234,93,2025-06-26 01:19:31
1811,27,43,2025-06-16 02:42:19
1812,426,86,2025-07-01 03:38:51
1813,2,18,2025-06-16 16:38:31
1814,493,9,2025-07-05 17:35:03
1815,80,43,2025-07-03 09:06:47
1816,358,84,2025-06-23 20:42:39
1817,229,9,2025-07-06 15:17:40
1818,430,14,2025-05-25 16:37:51
1819,458,84,2025-05-18 21:38:25
1820,277,65,2025-06-10 17:22:52
1821,471,60,2025-06-24 06:01:14
1822,9,78,2025-05-18 03:42:24
1823,345,27,2025-07-09 15:27:20
1824,47,51,2025-05-19 21:18:00
1825,61,50,2025-07-01 03:48:45
1826,203,30,2025-06-11 23:23:03
1827,64,84,2025-06-01 23:54:02
1828,7,79,2025-06-07 00:10:38
1829,425,62,2025-05-23 16:02:10
1830,261,65,2025-06-12 08:30:52
1831,107,84,2025-05-29 03:12:13
1832,289,21,2025-06-24 21:57:19
1833,390,42,2025-06-15 23:10:21
1834,347,66,2025-05-24 14:10:56
1835,421,44,2025-06-14 18:06:18
1836,106,25,2025-05-29 18:11:07
1837,41,88,2025-05-20 15:27:59
1838,262,79,2025-07-08 20:39:36
1839,428,92,2025-06-21 23:58:15
1840,22,86,2025-07-07 20:04:45
1841,185,77,2025-06-23 21:06:24
1842,387,4,2025-06-15 13:14:13
1843,159,63,2025-05-21 19:17:01
1844,218,28,2025-06-11 10:35:11
1845,296,82,2025-06-25 17:10:20
1846,427,26,2025-06-02 02:57:30
1847,465,96,2025-05-28 14:32:17
1848,61,85,2025-05-18 17:26:49
1849,434,20,2025-07-10 11:47:42
1850,410,33,2025-06-06 16:04:08
1851,110,17,2025-06-02 10:35:24
1852,144,58,2025-06-01 21:10:48
1853,360,43,2025-06-21 10:36:23
1854,21,58,2025-05-13 13:49:16
1855,467,75,2025-06-26 05:45:26
1856,289,44,2025-05-18 06:11:42
1857,177,94,2025-07-02 15:41:58
1858,349,7,2025-06-26 15:58:13
1859,31,52,2025-05-23 22:32:37
1860,393,59,2025-06-13 19:16:13
1861,75,8,2025-07-06 04:15:11
1862,226,9,2025-05-21 08:01:04
1863,351,90,2025-05-30 12:54:47
1864,306,43,2025-06-14 03:53:44
1865,167,37,2025-07-05 09:51:40
1866,167,38,2025-07-05 09:48:54
1867,119,78,2025-05-12 02:53:52
1868,158,65,2025-06-09 09:35:49
1869,427,21,2025-06-09 09:59:30
1870,365,77,2025-07-01 11:24:38
1871,470,31,2025-06-04 15:10:40
1872,162,65,2025-05-22 22:59:10
1873,241,1,2025-05-21 18:03:38
1874,254,10,2025-06-07 04:09:40
1875,274,16,2025-07-01 00:03:18
1876,164,76,2025-05-15 19:31:32
1877,19,57,2025-05-24 11:15:21
1878,23,53,2025-06-18 18:44:10
1879,417,74,2025-06-16 23:39:20
1880,427,32,2025-06-02 02:48:25
1881,93,93,2025-07-11 04:08:29
1882,289,53,2025-05-16 00:27:05
1883,168,57,2025-07-01 14:46:42
1884,124,45,2025-07-06 13:28:08
1885,169,66,2025-07-01 19:13:07
1886,446,18,2025-06-01 06:19:59
1887,34,97,2025-06-26 02:22:34
1888,362,14,2025-07-06 21:54:29
1889,203,84,2025-06-04 04:18:33
1890,237,85,2025-06-03 20:06:50
1891,205,91,2025-05-27 09:02:33
1892,196,86,2025-06-09 10:42:22
1893,195,17,2025-07-05 14:36:29
1894,316,40,2025-06-25 15:28:47
1895,416,34,2025-07-01 01:29:29
1896,485,100,2025-07-03 06:20:05
1897,181,25,2025-06-05 22:10:41
1898,390,96,2025-05-27 06:19:36
1899,154,95,2025-06-16 08:45:37
1900,449,59,2025-06-02 02:53:23
1901,9,53,2025-05-18 03:54:52
1902,196,10,2025-05-14 21:36:22
1903,345,31,2025-05-27 04:45:11
1904,495,69,2025-06-10 07:09:51
1905,74,44,2025-06-28 02:08:39
1906,21,44,2025-05-27 21:36:30
1907,239,100,2025-06-14 18:38:15
1908,408,91,2025-06-12 22:34:02
1909,162,12,2025-06-02 01:07:18
1910,312,48,2025-05-29 23:22:34
1911,435,45,2025-06-01 12:44:09
1912,399,52,2025-05-19 05:36:24
1913,61,66,2025-07-01 03:41:44
1914,24,19,2025-06-29 14:20:31
1915,14,73,2025-05-20 03:04:40
1916,108,84,2025-05-12 14:02:45
1917,209,97,2025-07-11 09:44:28
1918,449,97,2025-06-23 03:54:14
1919,134,50,2025-06-19 07:27:15
1920,71,15,2025-07-10 05:49:56
1921,241,100,2025-07-11 09:31:30
1922,373,12,2025-06-01 06:30:50
1923,219,82,2025-05-15 06:09:59
1924,289,4,2025-06-01 22:50:49
1925,206,50,2025-05-19 14:04:28
1926,347,72,2025-05-24 14:12:33
1927,345,86,2025-07-09 15:13:25
1928,361,53,2025-05-18 07:20:05
1929,236,91,2025-07-10 13:00:22
1930,270,64,2025-06-09 06:07:46
1931,221,6,2025-07-02 12:52:05
1932,71,18,2025-05-17 19:46:48
1933,301,86,2025-06-28 17:12:27
1934,118,4,2025-06-02 09:09:52
1935,467,82,2025-06-30 02:34:45
1936,89,28,2025-06-07 14:58:17
1937,206,71,2025-05-28 02:58:17
1938,242,9,2025-05-21 03:04:02
1939,65,2,2025-06-02 07:59:41
1940,331,80,2025-07-10 09:57:10
1941,438,51,2025-06-12 20:43:25
1942,262,55,2025-06-13 20:56:07
1943,357,57,2025-07-05 02:29:49
1944,243,3,2025-07-08 12:28:11
1945,334,83,2025-05-13 05:14:51
1946,289,29,2025-06-24 21:53:15
1947,479,100,2025-07-10 19:23:55
1948,322,65,2025-05-19 09:50:07
1949,412,49,2025-06-02 08:57:07
1950,332,54,2025-05-31 12:15:09
1951,211,1,2025-07-10 17:15:54
1952,192,82,2025-05-26 20:59:01
1953,84,75,2025-05-24 19:35:16
1954,436,90,2025-06-28 04:45:14
1955,213,45,2025-06-19 11:41:16
1956,272,85,2025-06-07 06:06:30
1957,303,63,2025-06-25 21:34:44
1958,499,25,2025-05-28 03:38:45
1959,348,53,2025-07-02 12:37:42
1960,269,62,2025-07-08 03:01:50
1961,81,41,2025-06-21 23:15:21
1962,426,51,2025-07-01 03:40:08
1963,72,26,2025-06-08 11:26:45
1964,332,32,2025-05-25 00:12:08
1965,120,51,2025-05-17 11:20:07
1966,315,93,2025-06-19 11:30:55
1967,269,1,2025-06-11 11:30:58
1968,234,96,2025-06-26 01:11:17
1969,191,35,2025-05-31 03:58:28
1970,328,71,2025-06-18 10:25:02
1971,438,69,2025-06-12 20:44:03
1972,345,96,2025-07-09 15:13:48
1973,229,92,2025-06-14 02:35:17
1974,48,7,2025-06-12 10:52:02
1975,114,67,2025-06-27 17:47:43
1976,228,55,2025-06-20 18:43:25
1977,86,16,2025-06-11 07:38:28
1978,328,21,2025-05-24 17:52:23
1979,202,28,2025-05-26 18:14:27
1980,111,18,2025-06-10 03:22:52
1981,193,23,2025-06-17 19:03:50
1982,202,54,2025-06-12 20:10:43
1983,139,41,2025-06-17 17:44:15
1984,165,64,2025-06-07 05:17:27
1985,43,7,2025-07-06 02:25:16
1986,120,5,2025-05-31 08:01:00
1987,41,42,2025-07-08 05:00:06
1988,251,7,2025-05-15 20:11:30
1989,36,2,2025-05-28 09:37:32
1990,113,100,2025-06-08 01:16:53
1991,387,50,2025-06-14 00:11:32
1992,61,41,2025-06-07 03:21:27
1993,349,60,2025-07-06 04:14:10
1994,434,6,2025-06-06 17:50:38
1995,489,10,2025-06-15 11:57:57
1996,184,86,2025-05-14 04:37:13
1997,424,5,2025-05-24 19:47:48
1998,201,27,2025-06-13 14:24:19
1999,98,65,2025-07-11 10:57:26
2000,263,33,2025-05-15 08:10:56
2001,331,57,2025-06-20 09:20:23
2002,448,30,2025-07-02 01:40:28
2003,161,40,2025-06-14 02:57:13
2004,316,64,2025-06-25 15:19:16
2005,13,32,2025-07-09 00:03:23
2006,273,97,2025-06-09 09:41:52
2007,192,30,2025-07-05 12:34:44
2008,73,82,2025-07-06 09:27:26
2009,26,71,2025-05-15 11:15:43
2010,481,36,2025-07-04 00:56:14
2011,47,27,2025-06-28 07:29:34
2012,402,74,2025-06-29 16:03:31
2013,213,41,2025-06-24 13:32:21
2014,425,49,2025-05-12 07:02:04
2015,224,9,2025-07-11 04:29:18
2016,406,29,2025-06-16 01:43:38
2017,153,14,2025-07-03 14:42:59
2018,287,2,2025-05-15 01:22:25
2019,287,38,2025-06-13 09:14:54
2020,351,85,2025-05-25 14:27:14
2021,43,82,2025-07-06 02:10:29
2022,393,84,2025-06-28 23:16:51
2023,371,23,2025-06-16 22:26:41
2024,329,81,2025-05-27 14:40:06
2025,389,14,2025-05-19 20:00:50
2026,441,75,2025-06-24 00:15:37
2027,73,6,2025-05-20 06:07:07
2028,68,97,2025-06-22 22:50:23
2029,273,77,2025-06-18 11:30:26
2030,391,96,2025-07-04 08:44:09
2031,236,74,2025-06-30 01:08:51
2032,226,22,2025-06-18 19:15:30
2033,63,74,2025-07-08 06:45:33
2034,491,9,2025-05-15 07:38:35
2035,169,41,2025-06-28 17:58:09
2036,214,58,2025-06-13 05:52:51
2037,159,80,2025-06-01 13:58:06
2038,293,5,2025-07-05 12:00:17
2039,497,88,2025-05-22 19:23:24
2040,44,98,2025-07-04 16:16:15
2041,226,32,2025-06-16 02:29:57
2042,426,70,2025-07-09 20:14:56
2043,325,58,2025-06-08 21:46:39
2044,248,54,2025-06-28 19:31:37
2045,225,50,2025-06-13 15:32:31
2046,307,5,2025-05-19 17:00:04
2047,272,50,2025-06-07 06:01:01
2048,90,94,2025-06-30 12:53:58
2049,207,74,2025-05-13 09:07:27
2050,319,10,2025-05-18 22:45:24
2051,193,100,2025-05-29 21:49:22
2052,131,3,2025-05-12 05:50:30
2053,415,28,2025-05-17 22:46:14
2054,325,79,2025-06-08 21:39:31
2055,53,71,2025-06-07 10:21:02
2056,124,69,2025-06-29 01:38:07
2057,107,37,2025-05-29 03:13:43
2058,221,86,2025-06-16 05:29:41
2059,413,84,2025-06-20 13:49:19
2060,252,3,2025-06-10 23:01:46
2061,136,13,2025-05-25 04:59:24
2062,310,26,2025-06-10 14:29:42
2063,203,31,2025-06-18 06:53:39
2064,394,89,2025-07-03 06:31:05
2065,434,86,2025-07-02 08:51:08
2066,129,82,2025-07-08 15:01:31
2067,297,88,2025-06-10 23:22:50
2068,114,91,2025-06-10 11:57:26
2069,479,24,2025-06-17 01:46:09
2070,473,97,2025-05-19 07:39:51
2071,486,32,2025-05-30 06:48:25
2072,19,22,2025-06-23 19:59:12
2073,70,61,2025-05-19 22:23:06
2074,411,45,2025-05-30 14:31:43
2075,289,72,2025-05-16 00:17:48
2076,231,71,2025-07-08 07:17:01
2077,120,16,2025-05-31 18:35:39
2078,417,29,2025-05-27 07:54:05
2079,184,10,2025-07-04 05:35:10
2080,41,66,2025-07-08 04:56:39
2081,245,8,2025-06-21 10:17:24
2082,280,57,2025-06-14 19:26:18
2083,48,52,2025-06-12 10:55:24
2084,125,64,2025-07-09 05:06:15
2085,159,76,2025-05-19 08:12:20
2086,120,91,2025-06-10 14:23:18
2087,365,72,2025-06-08 17:38:56
2088,354,78,2025-05-18 16:31:13
2089,62,98,2025-05-17 15:41:44
2090,447,30,2025-05-22 05:34:49
2091,237,20,2025-06-03 20:15:46
2092,395,57,2025-07-07 20:47:44
2093,260,57,2025-06-05 03:20:29
2094,426,5,2025-05-15 23:53:39
2095,289,65,2025-06-12 18:48:45
2096,250,97,2025-06-12 03:04:37
2097,405,31,2025-07-03 19:32:38
2098,251,2,2025-06-06 03:19:01
2099,23,54,2025-06-18 18:35:27
2100,168,49,2025-07-01 14:47:31
2101,441,63,2025-06-27 05:36:33
2102,484,62,2025-06-24 13:39:19
2103,9,77,2025-05-20 04:30:23
2104,162,22,2025-05-23 12:06:34
2105,251,98,2025-06-08 17:40:47
2106,261,61,2025-05-17 20:23:14
2107,296,23,2025-06-25 16:59:44
2108,471,42,2025-06-24 05:56:21
2109,65,97,2025-06-08 04:34:12
2110,349,9,2025-06-05 02:26:48
2111,358,52,2025-06-28 16:34:46
2112,48,74,2025-05-23 12:50:37
2113,366,62,2025-05-22 10:40:49
2114,65,90,2025-07-09 04:28:40
2115,373,13,2025-05-24 22:49:21
2116,446,96,2025-07-09 12:39:15
2117,246,41,2025-05-23 19:31:46
2118,226,58,2025-06-02 18:15:25
2119,402,98,2025-05-19 11:06:44
2120,412,46,2025-06-29 05:11:25
2121,340,93,2025-05-19 20:08:42
2122,62,39,2025-05-17 16:03:44
2123,2,67,2025-05-13 15:18:28
2124,406,19,2025-06-23 06:12:09
2125,287,18,2025-07-04 19:08:32
2126,417,54,2025-06-06 13:38:12
2127,65,78,2025-06-20 22:11:24
2128,269,7,2025-06-01 18:40:42
2129,170,15,2025-07-07 23:06:12
2130,239,47,2025-07-11 11:40:08
2131,389,98,2025-05-27 12:54:50
2132,304,15,2025-05-22 02:43:19
2133,80,95,2025-06-19 03:08:44
2134,67,61,2025-06-19 23:21:35
2135,84,30,2025-05-24 19:32:20
2136,346,45,2025-06-13 04:31:54
2137,241,41,2025-07-11 09:37:28
2138,302,55,2025-06-13 04:23:29
2139,235,95,2025-05-13 19:32:43
2140,428,64,2025-06-30 23:25:34
2141,496,84,2025-06-18 15:14:16
2142,237,8,2025-05-30 08:27:30
2143,286,53,2025-05-25 00:00:11
2144,55,2,2025-05-19 16:28:57
2145,307,70,2025-05-19 16:45:23
2146,391,65,2025-06-04 04:34:54
2147,272,9,2025-05-22 00:59:04
2148,349,29,2025-05-17 11:01:50
2149,155,56,2025-07-05 20:28:00
2150,486,90,2025-06-21 17:00:31
2151,260,23,2025-06-05 03:27:50
2152,389,41,2025-06-12 20:04:23
2153,225,55,2025-06-23 14:55:34
2154,467,32,2025-05-19 00:35:53
2155,70,39,2025-05-19 22:30:40
2156,325,49,2025-05-17 12:56:31
2157,313,89,2025-05-27 14:23:19
2158,446,27,2025-06-16 03:33:03
2159,333,74,2025-07-02 17:11:10
2160,370,32,2025-05-16 14:42:39
2161,132,80,2025-07-02 09:21:09
2162,324,18,2025-06-03 05:13:43
2163,494,99,2025-07-09 14:59:54
2164,29,58,2025-05-29 04:34:32
2165,390,44,2025-06-29 02:47:07
2166,75,41,2025-06-01 10:07:12
2167,416,93,2025-05-26 23:17:40
2168,123,68,2025-05-29 16:12:00
2169,398,18,2025-05-24 06:56:40
2170,462,25,2025-05-29 15:10:42
2171,424,70,2025-06-26 05:34:52
2172,51,82,2025-05-27 06:16:22
2173,212,22,2025-05-23 11:15:15
2174,398,87,2025-06-04 15:30:30
2175,379,60,2025-05-29 06:47:25
2176,349,49,2025-06-13 02:54:30
2177,211,86,2025-05-26 23:19:44
2178,192,96,2025-07-05 12:38:04
2179,345,50,2025-07-11 17:09:03
2180,494,92,2025-06-08 05:03:00
2181,446,66,2025-06-30 03:06:42
2182,344,49,2025-06-18 05:36:05
2183,483,60,2025-05-31 06:22:40
2184,232,62,2025-06-12 17:02:42
2185,26,93,2025-07-08 18:56:26
2186,285,28,2025-06-30 18:02:52
2187,463,61,2025-06-28 17:19:46
2188,116,27,2025-05-22 06:40:28
2189,321,72,2025-06-01 16:50:49
2190,312,84,2025-07-10 03:02:02
2191,315,61,2025-05-17 18:15:56
2192,481,97,2025-07-04 01:07:49
2193,395,97,2025-05-18 07:34:18
2194,426,24,2025-05-17 12:16:57
2195,360,68,2025-06-12 06:08:26
2196,499,74,2025-05-28 03:25:06
2197,337,16,2025-05-13 09:50:28
2198,170,20,2025-06-21 05:25:36
2199,29,93,2025-05-13 15:06:06
2200,192,36,2025-05-12 09:49:06
2201,496,99,2025-05-20 10:40:44
2202,500,23,2025-06-11 16:27:53
2203,133,29,2025-05-31 13:29:19
2204,159,66,2025-06-01 14:01:46
2205,32,1,2025-06-25 07:54:41
2206,487,24,2025-06-12 23:06:42
2207,16,31,2025-07-03 01:07:55
2208,22,75,2025-07-07 19:50:39
2209,5,94,2025-06-02 20:58:17
2210,122,65,2025-06-13 00:19:40
2211,285,36,2025-05-28 12:13:29
2212,170,48,2025-05-19 16:47:37
2213,423,9,2025-07-09 18:27:03
2214,333,79,2025-07-03 19:27:02
2215,301,41,2025-05-15 05:32:33
2216,79,68,2025-05-17 15:37:52
2217,271,11,2025-06-19 15:08:22
2218,306,99,2025-05-28 00:28:29
2219,117,7,2025-05-29 00:06:29
2220,189,45,2025-05-22 13:24:39
2221,403,29,2025-06-26 08:59:02
2222,156,26,2025-07-04 18:03:48
2223,126,65,2025-06-25 13:34:08
2224,180,56,2025-05-27 03:35:39
2225,388,25,2025-06-03 00:53:30
2226,65,86,2025-06-08 04:28:39
2227,149,79,2025-07-10 01:28:41
2228,423,40,2025-07-04 18:35:24
2229,397,75,2025-07-10 10:33:40
2230,15,49,2025-06-01 00:08:30
2231,231,57,2025-07-06 14:51:52
2232,360,55,2025-06-12 06:22:21
2233,237,75,2025-05-30 08:29:18
2234,377,56,2025-06-26 20:18:43
2235,437,18,2025-06-15 05:22:30
2236,48,25,2025-06-21 02:31:35
2237,9,100,2025-06-28 19:13:14
2238,395,8,2025-06-20 12:54:32
2239,335,54,2025-06-21 05:59:36
2240,331,70,2025-06-20 09:10:06
2241,173,69,2025-06-04 22:41:35
2242,50,50,2025-05-27 23:17:35
2243,255,81,2025-06-12 13:05:59
2244,240,39,2025-06-27 04:29:26
2245,287,50,2025-07-03 02:06:50
2246,297,88,2025-06-27 11:35:07
2247,273,68,2025-06-09 09:40:42
2248,335,23,2025-05-23 06:17:47
2249,468,3,2025-06-04 23:01:50
2250,431,22,2025-07-02 05:31:15
2251,408,70,2025-06-23 12:00:47
2252,234,23,2025-07-04 05:02:32
2253,404,77,2025-05-18 15:56:26
2254,103,82,2025-07-01 00:09:14
2255,168,51,2025-06-25 03:32:26
2256,202,86,2025-06-13 17:52:24
2257,271,51,2025-07-02 14:52:29
2258,220,10,2025-06-17 14:41:40
2259,417,26,2025-06-12 13:22:04
2260,306,3,2025-06-07 18:16:44
2261,254,38,2025-06-15 05:34:16
2262,416,6,2025-07-01 01:13:12
2263,495,61,2025-06-27 13:34:19
2264,476,96,2025-06-28 07:53:03
2265,31,20,2025-07-06 20:57:39
2266,441,99,2025-06-27 05:18:57
2267,305,31,2025-06-22 13:03:10
2268,22,90,2025-05-30 23:10:20
2269,3,40,2025-07-05 23:43:07
2270,394,7,2025-05-30 18:17:43
2271,341,37,2025-07-02 16:05:07
2272,263,64,2025-05-15 08:07:09
2273,48,74,2025-05-23 12:39:14
2274,287,81,2025-06-13 09:13:41
2275,186,56,2025-07-06 22:04:31
2276,442,33,2025-05-27 08:47:12
2277,226,91,2025-05-21 08:04:22
2278,426,88,2025-05-17 12:04:01
2279,39,30,2025-06-21 12:43:36
2280,287,8,2025-05-15 01:34:48
2281,45,89,2025-06-19 01:56:38
2282,228,50,2025-07-02 02:48:23
2283,44,31,2025-07-07 09:42:24
2284,196,56,2025-06-16 16:34:40
2285,77,97,2025-07-11 03:38:07
2286,127,68,2025-05-22 10:16:19
2287,339,47,2025-05-12 08:30:15
2288,342,40,2025-06-21 12:31:01
2289,187,38,2025-05-16 17:49:48
2290,403,69,2025-06-26 09:19:46
2291,401,43,2025-07-03 04:25:53
2292,437,79,2025-07-05 07:12:10
2293,315,20,2025-07-11 12:15:36
2294,343,74,2025-05-23 04:14:46
2295,137,10,2025-06-09 01:51:06
2296,98,82,2025-06-03 02:37:31
2297,170,66,2025-06-21 11:16:46
2298,4,68,2025-06-24 08:44:27
2299,428,11,2025-06-27 04:42:42
2300,280,49,2025-06-19 12:27:18
2301,411,100,2025-07-10 00:52:14
2302,282,96,2025-06-11 14:05:16
2303,44,95,2025-06-20 00:24:43
2304,467,8,2025-05-19 00:20:46
2305,364,50,2025-06-04 17:02:31
2306,248,38,2025-05-15 18:48:56
2307,152,76,2025-05-26 12:00:17
2308,497,82,2025-05-22 19:19:09
2309,97,57,2025-05-16 20:53:19
2310,169,79,2025-06-28 18:01:24
2311,480,43,2025-06-03 18:24:26
2312,48,66,2025-06-16 11:50:16
2313,444,80,2025-06-22 08:10:54
2314,205,93,2025-06-11 11:19:55
2315,259,18,2025-05-12 12:22:18
2316,254,36,2025-05-13 08:39:04
2317,444,4,2025-06-24 09:14:49
2318,104,50,2025-05-13 08:06:00
2319,71,63,2025-06-10 22:25:08
2320,266,70,2025-05-26 00:37:04
2321,120,41,2025-06-29 23:01:36
2322,397,29,2025-07-06 16:33:48
2323,289,10,2025-06-01 22:51:20
2324,286,45,2025-05-24 23:43:56
2325,419,23,2025-05-25 15:43:04
2326,187,36,2025-06-08 20:02:35
2327,65,28,2025-06-08 04:36:13
2328,251,74,2025-05-25 04:03:37
2329,234,45,2025-06-13 06:55:00
2330,296,96,2025-07-06 09:12:31
2331,185,2,2025-05-20 05:00:35
2332,313,10,2025-06-29 18:19:23
2333,221,83,2025-07-09 12:45:43
2334,34,88,2025-05-18 00:23:36
2335,341,97,2025-07-02 15:48:11
2336,158,79,2025-06-10 23:27:00
2337,61,48,2025-07-10 07:40:27
2338,171,22,2025-07-09 00:07:40
2339,320,85,2025-06-09 18:23:14
2340,106,4,2025-05-29 18:16:04
2341,5,82,2025-06-02 20:56:05
2342,51,55,2025-05-27 06:24:16
2343,5,57,2025-06-02 20:58:16
2344,36,33,2025-06-04 14:56:01
2345,137,44,2025-06-26 19:27:52
2346,266,29,2025-06-19 07:39:38
2347,498,26,2025-06-17 05:40:20
2348,371,64,2025-06-16 22:17:12
2349,488,33,2025-06-14 13:45:09
2350,49,74,2025-06-19 01:24:00
2351,5,46,2025-07-10 11:36:42
2352,158,95,2025-06-09 09:25:56
2353,430,22,2025-06-02 19:08:45
2354,345,71,2025-07-09 15:29:18
2355,63,22,2025-06-26 08:09:47
2356,125,97,2025-05-28 23:20:39
2357,254,23,2025-05-27 04:59:15
2358,104,1,2025-05-29 19:43:41
2359,444,65,2025-05-28 11:29:48
2360,297,71,2025-06-27 11:14:22
2361,212,46,2025-06-13 04:16:15
2362,161,24,2025-06-30 05:14:33
2363,103,66,2025-06-04 17:13:37
2364,494,88,2025-06-10 19:01:48
2365,486,18,2025-05-21 10:08:53
2366,484,57,2025-05-25 09:50:45
2367,2,71,2025-05-13 15:00:26
2368,147,16,2025-05-28 01:27:17
2369,464,54,2025-05-13 00:33:59
2370,304,56,2025-05-27 06:51:34
2371,147,43,2025-05-29 12:32:45
2372,173,42,2025-06-04 22:32:49
2373,480,62,2025-06-03 18:25:24
2374,374,92,2025-05-23 14:33:40
2375,272,36,2025-06-25 00:54:07
2376,489,9,2025-05-16 17:54:26
2377,397,77,2025-05-31 00:16:53
2378,449,31,2025-06-23 03:49:39
2379,41,32,2025-06-20 17:05:10
2380,38,97,2025-05-28 20:54:14
2381,217,47,2025-06-16 19:07:26
2382,452,95,2025-05-22 01:34:02
2383,29,63,2025-06-24 22:43:00
2384,250,77,2025-06-12 03:11:50
2385,26,20,2025-07-08 18:58:28
2386,80,72,2025-06-11 13:28:59
2387,101,65,2025-07-02 21:25:38
2388,287,38,2025-07-03 02:06:43
2389,263,98,2025-05-15 08:20:43
2390,191,30,2025-05-31 04:00:23
2391,213,83,2025-05-18 10:51:02
2392,499,46,2025-06-01 20:38:06
2393,96,27,2025-06-22 08:18:16
2394,491,75,2025-07-02 23:36:52
2395,448,35,2025-07-02 01:24:13
2396,357,94,2025-07-09 15:41:51
2397,24,97,2025-07-11 12:06:21
2398,39,95,2025-07-11 11:46:07
2399,307,3,2025-05-19 16:45:00
2400,396,29,2025-06-20 05:53:15
2401,135,67,2025-06-09 18:58:15
2402,480,82,2025-06-06 06:57:11
2403,461,13,2025-05-18 19:45:02
2404,291,72,2025-06-06 23:42:28
2405,242,84,2025-07-10 08:45:06
2406,431,17,2025-07-02 05:39:04
2407,444,84,2025-06-09 00:57:20
2408,6,66,2025-05-26 10:13:27
2409,192,3,2025-06-23 19:50:17
2410,161,8,2025-05-12 13:40:32
2411,242,86,2025-06-02 10:35:51
2412,154,64,2025-06-16 08:57:15
2413,237,14,2025-06-03 20:09:05
2414,489,75,2025-05-16 17:47:28
2415,88,41,2025-05-17 07:59:21
2416,429,72,2025-05-20 14:01:23
2417,348,28,2025-06-20 07:49:37
2418,50,63,2025-05-18 20:15:31
2419,160,14,2025-07-10 23:09:50
2420,227,79,2025-06-18 03:15:35
2421,169,62,2025-07-03 04:07:30
2422,256,37,2025-06-26 03:21:44
2423,244,61,2025-05-18 18:22:08
2424,263,89,2025-05-21 22:34:47
2425,275,73,2025-05-20 12:43:59
2426,391,89,2025-05-14 21:10:44
2427,402,61,2025-06-04 22:24:20
2428,192,63,2025-07-09 11:26:40
2429,233,92,2025-05-21 07:30:52
2430,473,4,2025-05-19 07:33:39
2431,150,91,2025-06-10 19:45:11
2432,245,46,2025-06-19 13:27:41
2433,468,68,2025-05-29 14:01:31
2434,399,65,2025-05-19 05:44:44
2435,311,36,2025-06-22 20:49:39
2436,416,51,2025-07-01 01:20:55
2437,397,87,2025-07-10 10:31:37
2438,322,97,2025-06-03 14:05:58
2439,406,62,2025-07-08 00:48:28
2440,85,100,2025-06-25 05:01:17
2441,74,77,2025-06-26 15:38:20
2442,234,52,2025-06-13 06:58:48
2443,301,1,2025-06-01 06:46:25
2444,322,18,2025-06-16 08:49:48
2445,73,51,2025-05-15 13:33:35
2446,369,94,2025-06-04 00:55:01
2447,119,99,2025-05-12 03:01:23
2448,201,61,2025-07-11 01:29:16
2449,161,14,2025-06-14 13:02:37
2450,468,1,2025-05-29 13:57:23
2451,412,14,2025-05-17 13:42:17
2452,6,1,2025-06-23 02:01:01
2453,103,56,2025-06-20 04:21:44
2454,321,77,2025-05-31 14:33:26
2455,369,65,2025-06-04 01:14:52
2456,177,20,2025-05-19 20:31:03
2457,458,17,2025-06-12 11:51:27
2458,398,87,2025-05-24 07:02:55
2459,98,81,2025-06-11 18:03:28
2460,227,1,2025-05-19 14:32:50
2461,166,28,2025-05-21 16:36:08
2462,199,32,2025-06-10 10:27:07
2463,153,15,2025-05-25 03:28:27
2464,398,3,2025-06-21 09:55:07
2465,144,51,2025-06-01 21:08:02
2466,213,100,2025-06-18 14:13:52
2467,269,43,2025-06-19 18:35:52
2468,483,57,2025-05-31 06:26:51
2469,325,17,2025-05-26 15:00:47
2470,395,56,2025-06-03 17:53:32
2471,360,72,2025-06-21 17:29:28
2472,22,72,2025-06-21 12:38:09
2473,324,28,2025-06-19 03:24:19
2474,413,95,2025-06-20 07:27:57
2475,68,55,2025-06-14 10:38:19
2476,288,52,2025-06-25 12:27:19
2477,246,67,2025-07-09 15:30:40
2478,22,59,2025-05-30 23:07:16
2479,423,20,2025-07-06 01:37:55
2480,44,83,2025-05-30 12:07:22
2481,253,9,2025-05-21 08:16:47
2482,263,44,2025-05-31 06:16:34
2483,348,63,2025-05-26 04:50:38
2484,296,35,2025-07-10 14:44:58
2485,20,79,2025-06-15 17:44:36
2486,316,30,2025-07-10 16:21:10
2487,97,29,2025-06-21 15:42:44
2488,496,27,2025-06-19 01:40:00
2489,58,98,2025-05-25 01:04:21
2490,90,31,2025-05-27 17:57:22
2491,306,47,2025-06-26 09:46:39
2492,226,95,2025-05-30 20:06:19
2493,291,51,2025-06-06 23:29:51
2494,119,67,2025-06-30 00:12:53
2495,107,69,2025-05-29 03:15:37
2496,399,25,2025-05-19 05:27:26
2497,9,77,2025-06-14 13:52:03
2498,76,60,2025-06-07 12:15:32
2499,184,38,2025-05-17 21:51:42
2500,38,4,2025-07-06 18:07:27
