session_id,user_id,session_start,session_end
1,250,2025-05-30 13:54:28,2025-05-30 14:05:28
2,182,2025-05-22 19:56:45,2025-05-22 20:26:45
3,133,2025-05-31 13:19:34,2025-05-31 13:34:34
4,144,2025-05-31 23:38:48,2025-06-01 00:02:48
5,360,2025-06-17 12:35:31,2025-06-17 12:48:31
6,285,2025-06-30 17:36:17,2025-06-30 17:41:17
7,265,2025-06-25 15:18:25,2025-06-25 15:29:25
8,44,2025-06-19 23:57:12,2025-06-20 00:09:12
9,369,2025-06-04 16:19:01,2025-06-04 16:37:01
10,251,2025-06-08 17:15:25,2025-06-08 17:37:25
11,389,2025-05-19 19:52:53,2025-05-19 20:04:53
12,354,2025-06-21 23:55:31,2025-06-22 00:15:31
13,331,2025-07-10 09:37:36,2025-07-10 10:04:36
14,252,2025-05-24 03:26:21,2025-05-24 03:45:21
15,406,2025-07-08 00:33:27,2025-07-08 00:38:27
16,48,2025-07-11 11:57:13,2025-07-11 12:11:13
17,114,2025-06-10 11:52:09,2025-06-10 12:09:09
18,355,2025-07-06 21:26:35,2025-07-06 21:38:35
19,157,2025-06-13 21:37:31,2025-06-13 22:03:31
20,298,2025-06-28 18:29:57,2025-06-28 18:45:57
21,243,2025-06-11 11:11:10,2025-06-11 11:33:10
22,272,2025-06-25 00:28:38,2025-06-25 00:44:38
23,218,2025-06-04 11:04:00,2025-06-04 11:32:00
24,282,2025-05-12 15:06:37,2025-05-12 15:21:37
25,181,2025-05-29 17:54:36,2025-05-29 18:21:36
26,233,2025-06-06 05:40:04,2025-06-06 05:53:04
27,157,2025-06-17 20:13:14,2025-06-17 20:26:14
28,119,2025-05-25 03:20:13,2025-05-25 03:28:13
29,370,2025-06-15 18:31:55,2025-06-15 18:42:55
30,162,2025-05-23 11:52:29,2025-05-23 12:00:29
31,381,2025-06-29 05:32:26,2025-06-29 05:54:26
32,487,2025-06-28 21:39:32,2025-06-28 22:08:32
33,354,2025-06-29 22:33:50,2025-06-29 22:43:50
34,99,2025-05-12 17:42:42,2025-05-12 17:53:42
35,379,2025-05-29 06:39:24,2025-05-29 06:59:24
36,142,2025-07-09 23:21:35,2025-07-09 23:49:35
37,302,2025-06-13 04:08:42,2025-06-13 04:37:42
38,269,2025-06-19 18:14:23,2025-06-19 18:38:23
39,145,2025-06-23 05:54:38,2025-06-23 06:02:38
40,427,2025-06-02 02:29:46,2025-06-02 02:40:46
41,152,2025-06-06 04:44:38,2025-06-06 04:56:38
42,185,2025-06-06 22:35:55,2025-06-06 22:45:55
43,155,2025-06-05 06:33:46,2025-06-05 06:38:46
44,363,2025-05-15 21:59:33,2025-05-15 22:21:33
45,65,2025-06-08 04:13:19,2025-06-08 04:26:19
46,24,2025-05-14 19:00:16,2025-05-14 19:06:16
47,284,2025-06-03 11:27:36,2025-06-03 11:41:36
48,358,2025-06-23 20:14:58,2025-06-23 20:23:58
49,327,2025-05-15 16:25:52,2025-05-15 16:54:52
50,252,2025-06-10 22:38:45,2025-06-10 22:46:45
51,447,2025-07-11 09:38:04,2025-07-11 09:43:04
52,294,2025-06-20 23:05:44,2025-06-20 23:19:44
53,241,2025-05-21 17:34:18,2025-05-21 17:54:18
54,226,2025-06-21 23:26:37,2025-06-21 23:41:37
55,95,2025-06-22 08:37:26,2025-06-22 08:43:26
56,130,2025-05-16 04:35:49,2025-05-16 04:55:49
57,59,2025-06-24 17:04:39,2025-06-24 17:11:39
58,206,2025-07-02 14:47:12,2025-07-02 15:07:12
59,38,2025-05-28 20:43:29,2025-05-28 21:06:29
60,323,2025-06-08 00:27:46,2025-06-08 00:53:46
61,28,2025-05-26 13:14:03,2025-05-26 13:23:03
62,77,2025-07-11 03:28:13,2025-07-11 03:58:13
63,289,2025-05-16 00:10:05,2025-05-16 00:24:05
64,44,2025-05-30 11:43:29,2025-05-30 11:55:29
65,61,2025-07-11 07:07:10,2025-07-11 07:29:10
66,392,2025-07-04 02:44:16,2025-07-04 03:02:16
67,311,2025-06-05 01:11:54,2025-06-05 01:35:54
68,405,2025-05-29 00:06:31,2025-05-29 00:30:31
69,116,2025-05-29 02:43:22,2025-05-29 03:12:22
70,268,2025-05-24 22:58:04,2025-05-24 23:15:04
71,231,2025-05-21 20:26:10,2025-05-21 20:45:10
72,153,2025-05-25 03:09:44,2025-05-25 03:32:44
73,220,2025-06-17 14:23:08,2025-06-17 14:37:08
74,292,2025-07-09 23:12:48,2025-07-09 23:36:48
75,31,2025-05-30 02:51:22,2025-05-30 03:15:22
76,492,2025-07-02 15:29:04,2025-07-02 15:57:04
77,51,2025-05-27 06:04:28,2025-05-27 06:33:28
78,107,2025-05-29 02:58:49,2025-05-29 03:23:49
79,109,2025-05-27 04:43:04,2025-05-27 04:56:04
80,339,2025-06-17 04:21:51,2025-06-17 04:28:51
81,81,2025-06-13 08:51:58,2025-06-13 09:03:58
82,89,2025-06-07 14:34:30,2025-06-07 14:56:30
83,39,2025-07-11 11:23:13,2025-07-11 11:33:13
84,2,2025-06-25 03:49:36,2025-06-25 04:07:36
85,231,2025-06-02 19:21:44,2025-06-02 19:48:44
86,305,2025-05-25 18:58:36,2025-05-25 19:18:36
87,150,2025-06-21 09:27:57,2025-06-21 09:33:57
88,119,2025-05-12 02:46:25,2025-05-12 03:00:25
89,362,2025-06-03 04:28:15,2025-06-03 04:42:15
90,360,2025-06-21 17:14:35,2025-06-21 17:33:35
91,37,2025-06-06 06:19:21,2025-06-06 06:45:21
92,120,2025-06-20 02:48:35,2025-06-20 03:01:35
93,404,2025-05-30 20:38:06,2025-05-30 21:08:06
94,321,2025-06-01 16:34:04,2025-06-01 16:57:04
95,339,2025-07-04 08:21:15,2025-07-04 08:51:15
96,479,2025-06-16 22:46:38,2025-06-16 22:57:38
97,218,2025-06-11 10:18:25,2025-06-11 10:26:25
98,279,2025-05-21 21:46:16,2025-05-21 21:58:16
99,332,2025-05-25 00:04:33,2025-05-25 00:13:33
100,466,2025-05-20 04:57:06,2025-05-20 05:10:06
101,424,2025-06-26 05:29:37,2025-06-26 05:38:37
102,37,2025-07-10 16:02:24,2025-07-10 16:08:24
103,85,2025-05-22 06:17:55,2025-05-22 06:47:55
104,158,2025-06-10 23:04:24,2025-06-10 23:28:24
105,384,2025-06-14 17:24:20,2025-06-14 17:47:20
106,472,2025-06-04 04:08:32,2025-06-04 04:22:32
107,225,2025-06-25 09:05:30,2025-06-25 09:13:30
108,240,2025-06-20 02:50:34,2025-06-20 03:17:34
109,156,2025-06-05 19:14:45,2025-06-05 19:41:45
110,207,2025-05-16 01:01:09,2025-05-16 01:14:09
111,257,2025-05-12 19:33:55,2025-05-12 19:55:55
112,253,2025-06-17 02:58:24,2025-06-17 03:17:24
113,42,2025-06-07 02:09:41,2025-06-07 02:33:41
114,21,2025-06-16 05:27:50,2025-06-16 05:45:50
115,377,2025-06-26 19:51:24,2025-06-26 20:06:24
116,310,2025-06-29 16:57:59,2025-06-29 17:10:59
117,14,2025-06-21 23:34:03,2025-06-21 23:41:03
118,118,2025-06-13 22:17:50,2025-06-13 22:43:50
119,429,2025-06-23 02:16:28,2025-06-23 02:39:28
120,301,2025-06-01 06:26:19,2025-06-01 06:31:19
121,392,2025-07-08 23:40:37,2025-07-09 00:06:37
122,421,2025-05-22 11:01:38,2025-05-22 11:14:38
123,296,2025-07-04 13:49:59,2025-07-04 13:55:59
124,391,2025-06-04 04:22:45,2025-06-04 04:51:45
125,90,2025-05-27 17:31:55,2025-05-27 17:51:55
126,266,2025-06-23 12:11:10,2025-06-23 12:36:10
127,227,2025-05-23 02:12:02,2025-05-23 02:25:02
128,93,2025-06-04 04:23:29,2025-06-04 04:46:29
129,224,2025-07-11 04:06:26,2025-07-11 04:31:26
130,417,2025-05-12 03:35:43,2025-05-12 03:55:43
131,497,2025-05-12 10:44:56,2025-05-12 10:51:56
132,241,2025-06-19 18:36:31,2025-06-19 18:52:31
133,210,2025-06-10 00:37:44,2025-06-10 00:52:44
134,165,2025-06-07 04:55:06,2025-06-07 05:21:06
135,54,2025-06-13 22:23:58,2025-06-13 22:33:58
136,169,2025-07-03 03:53:52,2025-07-03 04:11:52
137,356,2025-06-10 09:09:19,2025-06-10 09:29:19
138,148,2025-05-15 21:14:08,2025-05-15 21:40:08
139,484,2025-06-24 13:30:33,2025-06-24 13:47:33
140,417,2025-06-06 13:10:52,2025-06-06 13:39:52
141,282,2025-06-08 06:31:01,2025-06-08 06:37:01
142,233,2025-06-28 22:12:54,2025-06-28 22:19:54
143,162,2025-06-02 00:38:30,2025-06-02 00:51:30
144,166,2025-05-21 16:11:19,2025-05-21 16:19:19
145,497,2025-06-03 04:03:27,2025-06-03 04:32:27
146,207,2025-05-13 08:51:32,2025-05-13 09:12:32
147,423,2025-07-08 08:43:18,2025-07-08 08:48:18
148,337,2025-07-07 16:37:14,2025-07-07 16:59:14
149,237,2025-07-02 02:58:17,2025-07-02 03:16:17
150,28,2025-06-04 01:33:32,2025-06-04 01:44:32
151,266,2025-06-02 12:35:08,2025-06-02 12:51:08
152,319,2025-06-15 04:13:12,2025-06-15 04:42:12
153,256,2025-07-10 00:11:16,2025-07-10 00:36:16
154,227,2025-05-19 14:17:24,2025-05-19 14:46:24
155,27,2025-07-11 02:29:33,2025-07-11 02:40:33
156,137,2025-06-26 19:14:53,2025-06-26 19:36:53
157,68,2025-06-30 09:26:53,2025-06-30 09:40:53
158,225,2025-07-10 19:36:19,2025-07-10 20:03:19
159,249,2025-05-15 16:04:49,2025-05-15 16:12:49
160,15,2025-06-29 04:55:24,2025-06-29 05:20:24
161,312,2025-07-10 23:40:53,2025-07-11 00:10:53
162,123,2025-06-10 19:07:38,2025-06-10 19:34:38
163,82,2025-05-26 12:45:14,2025-05-26 12:59:14
164,283,2025-06-02 21:06:04,2025-06-02 21:11:04
165,283,2025-05-23 13:13:59,2025-05-23 13:31:59
166,48,2025-06-12 10:34:58,2025-06-12 10:46:58
167,431,2025-07-02 05:13:55,2025-07-02 05:21:55
168,237,2025-06-03 19:52:40,2025-06-03 20:00:40
169,332,2025-06-10 19:33:44,2025-06-10 19:42:44
170,256,2025-05-22 14:33:09,2025-05-22 15:00:09
171,150,2025-06-23 00:47:28,2025-06-23 01:08:28
172,362,2025-06-24 00:33:14,2025-06-24 00:46:14
173,213,2025-06-24 19:10:44,2025-06-24 19:30:44
174,242,2025-06-02 10:13:25,2025-06-02 10:25:25
175,234,2025-07-04 04:39:46,2025-07-04 05:01:46
176,75,2025-07-11 08:04:50,2025-07-11 08:21:50
177,98,2025-06-11 17:48:51,2025-06-11 18:12:51
178,261,2025-05-17 19:55:38,2025-05-17 20:23:38
179,451,2025-06-10 09:17:49,2025-06-10 09:26:49
180,443,2025-06-03 12:58:24,2025-06-03 13:05:24
181,142,2025-07-03 23:51:10,2025-07-04 00:20:10
182,405,2025-07-03 19:04:27,2025-07-03 19:22:27
183,175,2025-05-28 19:25:06,2025-05-28 19:55:06
184,260,2025-06-06 07:50:08,2025-06-06 08:03:08
185,421,2025-07-02 04:59:18,2025-07-02 05:04:18
186,145,2025-05-27 11:26:28,2025-05-27 11:54:28
187,153,2025-07-09 14:34:16,2025-07-09 14:57:16
188,297,2025-06-18 05:33:02,2025-06-18 05:59:02
189,251,2025-06-16 19:54:38,2025-06-16 20:03:38
190,229,2025-07-06 14:48:26,2025-07-06 15:10:26
191,248,2025-06-02 16:35:56,2025-06-02 16:51:56
192,171,2025-07-08 23:54:21,2025-07-09 00:16:21
193,391,2025-07-09 22:41:07,2025-07-09 23:03:07
194,194,2025-05-16 15:12:54,2025-05-16 15:31:54
195,478,2025-06-19 09:18:45,2025-06-19 09:33:45
196,446,2025-06-16 03:09:37,2025-06-16 03:20:37
197,358,2025-06-14 06:07:06,2025-06-14 06:19:06
198,293,2025-05-13 04:24:10,2025-05-13 04:41:10
199,120,2025-05-31 18:23:04,2025-05-31 18:52:04
200,211,2025-07-03 17:59:45,2025-07-03 18:05:45
201,163,2025-06-03 17:17:10,2025-06-03 17:45:10
202,243,2025-06-14 05:53:54,2025-06-14 06:20:54
203,468,2025-05-16 01:19:58,2025-05-16 01:49:58
204,196,2025-06-16 16:23:34,2025-06-16 16:40:34
205,340,2025-05-19 19:53:27,2025-05-19 20:23:27
206,421,2025-07-07 15:23:40,2025-07-07 15:48:40
207,78,2025-06-05 20:27:12,2025-06-05 20:47:12
208,494,2025-06-16 04:53:52,2025-06-16 04:59:52
209,65,2025-06-02 07:34:58,2025-06-02 07:55:58
210,495,2025-06-04 13:45:56,2025-06-04 14:08:56
211,170,2025-06-21 11:01:07,2025-06-21 11:09:07
212,448,2025-05-12 07:17:40,2025-05-12 07:36:40
213,52,2025-06-26 23:04:21,2025-06-26 23:25:21
214,467,2025-06-26 05:18:53,2025-06-26 05:37:53
215,8,2025-06-30 18:11:09,2025-06-30 18:39:09
216,74,2025-06-28 01:42:19,2025-06-28 02:00:19
217,446,2025-07-09 12:23:42,2025-07-09 12:48:42
218,497,2025-05-22 19:10:37,2025-05-22 19:19:37
219,39,2025-06-21 12:35:22,2025-06-21 12:55:22
220,401,2025-06-28 11:28:53,2025-06-28 11:41:53
221,174,2025-06-13 01:08:17,2025-06-13 01:32:17
222,355,2025-06-02 22:21:38,2025-06-02 22:38:38
223,333,2025-05-21 17:28:39,2025-05-21 17:35:39
224,437,2025-07-05 06:54:16,2025-07-05 07:09:16
225,437,2025-06-15 05:14:21,2025-06-15 05:40:21
226,440,2025-06-08 06:27:58,2025-06-08 06:49:58
227,195,2025-06-29 23:59:35,2025-06-30 00:14:35
228,321,2025-06-20 21:02:11,2025-06-20 21:29:11
229,455,2025-05-16 09:49:06,2025-05-16 10:18:06
230,250,2025-05-16 01:21:10,2025-05-16 01:43:10
231,19,2025-05-21 07:28:50,2025-05-21 07:52:50
232,36,2025-05-28 09:29:27,2025-05-28 09:41:27
233,324,2025-06-03 04:59:12,2025-06-03 05:25:12
234,472,2025-07-01 21:34:06,2025-07-01 21:48:06
235,117,2025-05-28 23:53:34,2025-05-29 00:21:34
236,47,2025-06-28 08:49:50,2025-06-28 09:07:50
237,51,2025-07-03 04:25:22,2025-07-03 04:54:22
238,325,2025-06-17 03:24:25,2025-06-17 03:51:25
239,447,2025-05-22 05:27:49,2025-05-22 05:35:49
240,228,2025-06-13 18:15:21,2025-06-13 18:25:21
241,356,2025-05-21 08:11:54,2025-05-21 08:25:54
242,463,2025-05-16 01:29:40,2025-05-16 01:34:40
243,24,2025-07-03 01:38:57,2025-07-03 01:53:57
244,408,2025-06-12 22:09:09,2025-06-12 22:15:09
245,151,2025-05-21 14:30:20,2025-05-21 14:46:20
246,192,2025-05-26 20:50:35,2025-05-26 21:08:35
247,75,2025-07-06 03:54:37,2025-07-06 04:06:37
248,272,2025-06-14 16:08:00,2025-06-14 16:26:00
249,290,2025-07-09 12:48:57,2025-07-09 13:14:57
250,406,2025-05-31 04:32:12,2025-05-31 04:42:12
251,88,2025-06-16 23:21:51,2025-06-16 23:31:51
252,41,2025-06-19 20:05:01,2025-06-19 20:29:01
253,446,2025-06-29 18:35:02,2025-06-29 18:52:02
254,318,2025-05-19 02:53:59,2025-05-19 03:19:59
255,124,2025-07-06 13:18:27,2025-07-06 13:38:27
256,468,2025-06-21 01:43:32,2025-06-21 02:06:32
257,74,2025-05-19 22:47:16,2025-05-19 22:59:16
258,237,2025-05-16 12:57:20,2025-05-16 13:22:20
259,131,2025-05-12 05:23:24,2025-05-12 05:42:24
260,131,2025-07-09 13:34:36,2025-07-09 14:00:36
261,5,2025-06-09 15:59:40,2025-06-09 16:29:40
262,239,2025-06-18 09:35:44,2025-06-18 09:49:44
263,347,2025-07-10 15:16:02,2025-07-10 15:38:02
264,81,2025-06-21 23:01:28,2025-06-21 23:08:28
265,227,2025-06-22 00:07:33,2025-06-22 00:23:33
266,301,2025-06-28 17:02:41,2025-06-28 17:16:41
267,328,2025-06-01 05:31:33,2025-06-01 05:49:33
268,354,2025-06-27 02:14:13,2025-06-27 02:27:13
269,234,2025-06-13 06:40:56,2025-06-13 06:54:56
270,102,2025-06-27 23:17:15,2025-06-27 23:34:15
271,437,2025-05-20 19:38:47,2025-05-20 19:58:47
272,55,2025-07-10 15:07:11,2025-07-10 15:19:11
273,196,2025-05-14 21:06:44,2025-05-14 21:29:44
274,184,2025-07-04 05:14:08,2025-07-04 05:37:08
275,152,2025-06-28 12:23:58,2025-06-28 12:50:58
276,152,2025-05-29 06:18:38,2025-05-29 06:23:38
277,425,2025-05-12 06:40:05,2025-05-12 07:06:05
278,203,2025-06-16 01:41:35,2025-06-16 01:54:35
279,5,2025-07-11 04:42:33,2025-07-11 05:05:33
280,443,2025-05-17 17:22:04,2025-05-17 17:48:04
281,399,2025-05-24 05:29:40,2025-05-24 05:57:40
282,499,2025-07-04 19:27:43,2025-07-04 19:33:43
283,467,2025-06-30 02:05:27,2025-06-30 02:29:27
284,382,2025-05-26 17:49:28,2025-05-26 18:09:28
285,427,2025-06-06 03:44:16,2025-06-06 03:58:16
286,398,2025-06-27 22:23:56,2025-06-27 22:53:56
287,118,2025-06-08 15:27:02,2025-06-08 15:51:02
288,411,2025-05-30 14:16:11,2025-05-30 14:32:11
289,113,2025-06-08 01:01:52,2025-06-08 01:26:52
290,98,2025-06-02 11:11:58,2025-06-02 11:35:58
291,129,2025-06-27 02:48:23,2025-06-27 03:14:23
292,387,2025-05-15 18:38:13,2025-05-15 19:06:13
293,393,2025-05-12 11:59:11,2025-05-12 12:25:11
294,349,2025-05-17 10:48:00,2025-05-17 10:57:00
295,322,2025-06-23 17:09:11,2025-06-23 17:17:11
296,463,2025-05-13 06:37:21,2025-05-13 07:02:21
297,331,2025-06-24 00:06:45,2025-06-24 00:12:45
298,159,2025-07-07 13:11:40,2025-07-07 13:41:40
299,226,2025-05-26 11:22:05,2025-05-26 11:28:05
300,297,2025-06-27 11:06:55,2025-06-27 11:22:55
301,375,2025-05-14 21:25:32,2025-05-14 21:34:32
302,47,2025-05-19 20:58:32,2025-05-19 21:12:32
303,168,2025-05-14 20:21:37,2025-05-14 20:49:37
304,213,2025-06-24 13:07:43,2025-06-24 13:17:43
305,103,2025-06-30 23:54:22,2025-07-01 00:03:22
306,403,2025-06-26 08:53:05,2025-06-26 09:15:05
307,449,2025-06-23 03:42:49,2025-06-23 03:58:49
308,272,2025-06-22 20:40:49,2025-06-22 21:01:49
309,468,2025-05-29 13:33:20,2025-05-29 13:46:20
310,426,2025-06-14 05:01:17,2025-06-14 05:11:17
311,132,2025-06-27 13:52:35,2025-06-27 14:12:35
312,496,2025-07-09 21:13:29,2025-07-09 21:43:29
313,152,2025-06-08 15:38:33,2025-06-08 16:06:33
314,446,2025-07-10 06:08:16,2025-07-10 06:23:16
315,412,2025-05-17 13:18:45,2025-05-17 13:26:45
316,240,2025-06-19 13:18:02,2025-06-19 13:25:02
317,73,2025-06-24 14:43:33,2025-06-24 15:12:33
318,495,2025-05-19 09:29:27,2025-05-19 09:41:27
319,441,2025-05-18 21:16:00,2025-05-18 21:42:00
320,371,2025-06-01 06:42:09,2025-06-01 07:08:09
321,204,2025-06-11 07:19:44,2025-06-11 07:49:44
322,286,2025-05-22 18:57:27,2025-05-22 19:13:27
323,47,2025-06-13 22:26:26,2025-06-13 22:56:26
324,203,2025-06-09 04:04:17,2025-06-09 04:09:17
325,136,2025-06-16 19:10:38,2025-06-16 19:32:38
326,64,2025-06-01 23:24:28,2025-06-01 23:43:28
327,189,2025-06-10 03:38:04,2025-06-10 04:04:04
328,384,2025-06-24 04:43:45,2025-06-24 05:09:45
329,135,2025-06-08 17:21:52,2025-06-08 17:44:52
330,196,2025-07-08 03:12:24,2025-07-08 03:37:24
331,482,2025-07-10 01:20:11,2025-07-10 01:36:11
332,56,2025-05-18 22:52:50,2025-05-18 23:18:50
333,120,2025-05-31 07:36:46,2025-05-31 07:56:46
334,13,2025-07-08 23:44:40,2025-07-09 00:08:40
335,453,2025-06-28 01:35:56,2025-06-28 01:57:56
336,168,2025-06-22 22:29:38,2025-06-22 22:53:38
337,114,2025-05-23 17:04:20,2025-05-23 17:29:20
338,33,2025-06-23 07:38:30,2025-06-23 08:03:30
339,422,2025-07-04 06:44:30,2025-07-04 07:03:30
340,466,2025-05-29 10:59:29,2025-05-29 11:26:29
341,155,2025-07-05 20:11:58,2025-07-05 20:36:58
342,210,2025-05-28 11:13:46,2025-05-28 11:21:46
343,72,2025-07-03 21:34:13,2025-07-03 21:40:13
344,485,2025-06-02 04:30:08,2025-06-02 04:36:08
345,156,2025-06-14 21:46:12,2025-06-14 22:06:12
346,60,2025-05-27 00:56:20,2025-05-27 01:04:20
347,121,2025-05-19 13:47:04,2025-05-19 14:09:04
348,70,2025-05-21 13:59:06,2025-05-21 14:16:06
349,233,2025-07-03 09:24:42,2025-07-03 09:40:42
350,344,2025-05-29 21:19:21,2025-05-29 21:47:21
351,357,2025-06-09 17:49:18,2025-06-09 18:11:18
352,215,2025-06-12 08:59:36,2025-06-12 09:22:36
353,381,2025-05-16 05:02:07,2025-05-16 05:30:07
354,80,2025-06-11 13:16:08,2025-06-11 13:34:08
355,336,2025-06-24 14:58:52,2025-06-24 15:06:52
356,427,2025-05-17 16:40:00,2025-05-17 17:00:00
357,316,2025-07-01 02:02:55,2025-07-01 02:20:55
358,481,2025-07-07 15:18:52,2025-07-07 15:31:52
359,17,2025-06-18 17:34:27,2025-06-18 18:01:27
360,190,2025-06-29 23:52:52,2025-06-30 00:03:52
361,228,2025-07-02 02:29:20,2025-07-02 02:48:20
362,487,2025-06-06 01:26:38,2025-06-06 01:38:38
363,438,2025-06-12 20:22:09,2025-06-12 20:38:09
364,51,2025-07-07 18:44:13,2025-07-07 19:10:13
365,189,2025-05-23 14:49:11,2025-05-23 15:11:11
366,462,2025-06-07 13:49:50,2025-06-07 14:14:50
367,184,2025-06-09 16:34:38,2025-06-09 16:40:38
368,204,2025-07-03 20:32:02,2025-07-03 20:45:02
369,98,2025-06-03 02:32:28,2025-06-03 02:40:28
370,486,2025-05-16 22:58:38,2025-05-16 23:17:38
371,47,2025-06-19 08:02:37,2025-06-19 08:28:37
372,109,2025-05-16 18:44:12,2025-05-16 19:09:12
373,328,2025-06-10 01:37:01,2025-06-10 02:01:01
374,498,2025-06-17 05:31:11,2025-06-17 05:36:11
375,26,2025-05-15 10:50:06,2025-05-15 11:20:06
376,171,2025-06-07 12:56:49,2025-06-07 13:08:49
377,65,2025-07-09 04:11:16,2025-07-09 04:41:16
378,290,2025-06-30 16:28:27,2025-06-30 16:39:27
379,36,2025-06-04 14:32:34,2025-06-04 15:01:34
380,284,2025-06-19 20:31:19,2025-06-19 20:42:19
381,301,2025-07-10 22:33:24,2025-07-10 22:44:24
382,417,2025-06-12 13:08:45,2025-06-12 13:20:45
383,169,2025-07-01 19:02:26,2025-07-01 19:31:26
384,76,2025-05-27 09:09:19,2025-05-27 09:39:19
385,462,2025-06-07 15:58:09,2025-06-07 16:22:09
386,2,2025-07-04 01:41:44,2025-07-04 01:54:44
387,440,2025-06-03 19:31:35,2025-06-03 19:40:35
388,67,2025-06-17 20:19:11,2025-06-17 20:41:11
389,129,2025-07-08 10:51:20,2025-07-08 11:21:20
390,90,2025-06-21 14:07:08,2025-06-21 14:15:08
391,339,2025-05-12 08:14:24,2025-05-12 08:19:24
392,68,2025-05-26 14:37:54,2025-05-26 14:42:54
393,184,2025-05-17 21:22:39,2025-05-17 21:52:39
394,404,2025-05-21 03:04:43,2025-05-21 03:16:43
395,302,2025-06-20 05:32:23,2025-06-20 05:47:23
396,9,2025-05-18 03:36:23,2025-05-18 03:46:23
397,136,2025-05-24 15:28:24,2025-05-24 15:34:24
398,65,2025-06-16 06:07:47,2025-06-16 06:35:47
399,216,2025-06-22 20:13:21,2025-06-22 20:34:21
400,59,2025-05-18 12:48:11,2025-05-18 13:16:11
401,33,2025-05-14 23:49:04,2025-05-15 00:09:04
402,230,2025-07-11 13:19:17,2025-07-11 13:48:17
403,186,2025-06-21 07:08:39,2025-06-21 07:29:39
404,304,2025-07-11 21:17:19,2025-07-11 21:25:19
405,232,2025-06-12 16:43:27,2025-06-12 17:04:27
406,114,2025-05-18 21:13:48,2025-05-18 21:37:48
407,23,2025-06-10 18:10:50,2025-06-10 18:38:50
408,402,2025-06-04 22:15:05,2025-06-04 22:41:05
409,267,2025-06-18 04:34:14,2025-06-18 04:48:14
410,235,2025-06-14 21:24:41,2025-06-14 21:49:41
411,494,2025-06-18 10:41:38,2025-06-18 10:46:38
412,32,2025-06-03 08:58:38,2025-06-03 09:18:38
413,434,2025-07-10 11:18:27,2025-07-10 11:35:27
414,219,2025-05-15 05:49:18,2025-05-15 06:15:18
415,56,2025-06-04 23:24:40,2025-06-04 23:44:40
416,365,2025-07-11 12:30:41,2025-07-11 12:49:41
417,38,2025-07-06 17:59:17,2025-07-06 18:06:17
418,165,2025-06-07 06:39:46,2025-06-07 07:03:46
419,76,2025-06-14 23:28:00,2025-06-14 23:35:00
420,65,2025-05-30 02:33:44,2025-05-30 02:46:44
421,320,2025-06-09 17:55:45,2025-06-09 18:20:45
422,300,2025-06-18 16:58:52,2025-06-18 17:20:52
423,365,2025-05-26 07:25:40,2025-05-26 07:40:40
424,196,2025-06-09 10:36:34,2025-06-09 11:00:34
425,272,2025-06-07 05:50:23,2025-06-07 06:04:23
426,233,2025-05-21 07:25:32,2025-05-21 07:46:32
427,310,2025-06-13 17:53:14,2025-06-13 18:11:14
428,51,2025-07-02 08:23:28,2025-07-02 08:53:28
429,360,2025-05-16 18:54:46,2025-05-16 19:02:46
430,437,2025-06-23 14:23:45,2025-06-23 14:48:45
431,334,2025-05-13 04:54:43,2025-05-13 05:23:43
432,283,2025-06-10 06:25:02,2025-06-10 06:53:02
433,444,2025-06-24 08:55:37,2025-06-24 09:06:37
434,221,2025-05-29 18:29:01,2025-05-29 18:48:01
435,455,2025-05-18 19:08:58,2025-05-18 19:20:58
436,212,2025-06-13 03:48:57,2025-06-13 04:03:57
437,424,2025-05-17 15:08:25,2025-05-17 15:27:25
438,205,2025-06-11 11:01:58,2025-06-11 11:19:58
439,374,2025-05-14 19:28:59,2025-05-14 19:36:59
440,161,2025-07-07 20:50:19,2025-07-07 21:08:19
441,161,2025-06-24 21:00:36,2025-06-24 21:26:36
442,131,2025-06-04 22:34:12,2025-06-04 22:50:12
443,489,2025-06-15 11:33:10,2025-06-15 11:42:10
444,352,2025-07-09 11:42:07,2025-07-09 12:02:07
445,35,2025-07-04 20:11:19,2025-07-04 20:18:19
446,426,2025-05-17 11:57:51,2025-05-17 12:04:51
447,48,2025-05-29 23:21:02,2025-05-29 23:39:02
448,50,2025-05-27 23:02:37,2025-05-27 23:30:37
449,379,2025-06-01 02:56:53,2025-06-01 03:12:53
450,416,2025-07-01 01:04:41,2025-07-01 01:13:41
451,285,2025-06-12 15:37:30,2025-06-12 15:43:30
452,301,2025-06-25 18:20:10,2025-06-25 18:42:10
453,288,2025-06-25 12:06:17,2025-06-25 12:21:17
454,344,2025-07-06 11:52:29,2025-07-06 12:00:29
455,211,2025-05-26 22:56:49,2025-05-26 23:12:49
456,448,2025-06-22 12:58:35,2025-06-22 13:24:35
457,482,2025-07-01 04:51:48,2025-07-01 05:20:48
458,217,2025-05-18 15:05:37,2025-05-18 15:33:37
459,27,2025-06-19 10:55:14,2025-06-19 11:09:14
460,308,2025-06-28 19:18:24,2025-06-28 19:32:24
461,181,2025-06-06 14:41:18,2025-06-06 14:49:18
462,296,2025-06-25 16:41:50,2025-06-25 17:02:50
463,109,2025-05-17 12:53:36,2025-05-17 13:02:36
464,337,2025-05-19 19:10:13,2025-05-19 19:30:13
465,115,2025-07-10 14:57:27,2025-07-10 15:05:27
466,180,2025-06-09 13:11:09,2025-06-09 13:33:09
467,189,2025-06-29 20:29:42,2025-06-29 20:37:42
468,391,2025-07-01 13:09:43,2025-07-01 13:22:43
469,294,2025-06-25 16:15:06,2025-06-25 16:27:06
470,414,2025-06-02 06:40:04,2025-06-02 06:58:04
471,433,2025-05-27 23:45:55,2025-05-28 00:07:55
472,499,2025-06-01 20:24:20,2025-06-01 20:53:20
473,420,2025-05-21 17:44:12,2025-05-21 18:08:12
474,315,2025-07-05 12:32:05,2025-07-05 12:58:05
475,330,2025-05-26 18:55:59,2025-05-26 19:17:59
476,14,2025-06-18 14:28:48,2025-06-18 14:52:48
477,476,2025-06-11 08:43:43,2025-06-11 09:09:43
478,425,2025-05-23 15:51:12,2025-05-23 16:18:12
479,137,2025-05-21 06:40:22,2025-05-21 06:45:22
480,93,2025-07-11 04:00:36,2025-07-11 04:13:36
481,360,2025-06-12 06:00:10,2025-06-12 06:29:10
482,159,2025-05-21 18:59:42,2025-05-21 19:14:42
483,180,2025-06-08 17:27:10,2025-06-08 17:32:10
484,93,2025-07-04 02:58:20,2025-07-04 03:07:20
485,290,2025-07-10 14:31:46,2025-07-10 14:57:46
486,206,2025-07-07 12:08:26,2025-07-07 12:15:26
487,73,2025-05-20 05:55:25,2025-05-20 06:23:25
488,325,2025-05-26 14:32:15,2025-05-26 14:37:15
489,47,2025-06-15 10:22:34,2025-06-15 10:50:34
490,272,2025-07-09 20:45:48,2025-07-09 20:56:48
491,193,2025-06-15 05:22:08,2025-06-15 05:40:08
492,233,2025-06-16 09:15:50,2025-06-16 09:30:50
493,81,2025-06-23 14:48:21,2025-06-23 15:04:21
494,160,2025-06-03 03:14:45,2025-06-03 03:42:45
495,167,2025-06-19 06:42:18,2025-06-19 07:11:18
496,483,2025-05-31 06:09:07,2025-05-31 06:32:07
497,306,2025-05-14 13:01:11,2025-05-14 13:08:11
498,453,2025-05-19 07:33:43,2025-05-19 07:39:43
499,80,2025-07-03 08:54:58,2025-07-03 09:04:58
500,387,2025-06-14 00:02:22,2025-06-14 00:26:22
501,26,2025-05-30 19:04:06,2025-05-30 19:30:06
502,42,2025-06-20 07:02:30,2025-06-20 07:15:30
503,227,2025-06-25 11:54:33,2025-06-25 12:20:33
504,218,2025-06-10 15:24:17,2025-06-10 15:44:17
505,311,2025-05-17 21:10:02,2025-05-17 21:29:02
506,213,2025-05-12 15:40:40,2025-05-12 15:53:40
507,111,2025-06-22 13:43:46,2025-06-22 14:12:46
508,263,2025-05-31 06:03:15,2025-05-31 06:11:15
509,177,2025-07-02 15:28:27,2025-07-02 15:46:27
510,57,2025-06-29 21:38:11,2025-06-29 21:52:11
511,348,2025-07-02 12:16:01,2025-07-02 12:42:01
512,304,2025-07-02 08:02:40,2025-07-02 08:22:40
513,270,2025-05-16 20:08:12,2025-05-16 20:34:12
514,158,2025-06-18 18:35:48,2025-06-18 18:41:48
515,113,2025-05-14 02:21:24,2025-05-14 02:38:24
516,307,2025-05-19 16:33:29,2025-05-19 16:39:29
517,4,2025-06-24 08:24:53,2025-06-24 08:35:53
518,155,2025-05-25 02:20:22,2025-05-25 02:31:22
519,393,2025-06-28 22:47:38,2025-06-28 22:56:38
520,392,2025-07-06 18:36:48,2025-07-06 18:49:48
521,149,2025-05-17 15:15:15,2025-05-17 15:30:15
522,62,2025-06-15 09:25:29,2025-06-15 09:30:29
523,255,2025-07-05 12:30:02,2025-07-05 12:58:02
524,221,2025-06-16 05:00:48,2025-06-16 05:10:48
525,67,2025-06-19 23:08:04,2025-06-19 23:25:04
526,273,2025-06-09 09:17:20,2025-06-09 09:44:20
527,118,2025-05-20 21:18:59,2025-05-20 21:39:59
528,287,2025-06-20 21:35:10,2025-06-20 22:01:10
529,413,2025-07-05 07:46:54,2025-07-05 08:02:54
530,37,2025-05-15 00:03:30,2025-05-15 00:20:30
531,442,2025-05-27 08:19:57,2025-05-27 08:47:57
532,22,2025-05-12 18:59:27,2025-05-12 19:17:27
533,10,2025-06-02 06:55:25,2025-06-02 07:14:25
534,472,2025-05-12 18:53:01,2025-05-12 19:00:01
535,442,2025-05-31 04:44:27,2025-05-31 04:59:27
536,295,2025-07-05 09:23:16,2025-07-05 09:41:16
537,294,2025-07-03 23:42:04,2025-07-03 23:59:04
538,364,2025-06-04 16:57:19,2025-06-04 17:22:19
539,214,2025-06-11 14:22:22,2025-06-11 14:36:22
540,59,2025-06-04 04:14:05,2025-06-04 04:31:05
541,11,2025-06-30 15:48:40,2025-06-30 16:03:40
542,88,2025-05-17 07:50:20,2025-05-17 08:20:20
543,486,2025-06-29 01:13:12,2025-06-29 01:37:12
544,236,2025-07-10 12:37:15,2025-07-10 13:04:15
545,471,2025-05-21 09:49:54,2025-05-21 10:05:54
546,46,2025-06-13 07:24:16,2025-06-13 07:42:16
547,433,2025-07-08 10:32:05,2025-07-08 10:40:05
548,125,2025-07-09 04:58:49,2025-07-09 05:16:49
549,302,2025-06-02 04:56:47,2025-06-02 05:13:47
550,269,2025-07-08 02:55:41,2025-07-08 03:02:41
551,203,2025-06-18 06:43:10,2025-06-18 06:57:10
552,382,2025-05-22 08:27:10,2025-05-22 08:42:10
553,114,2025-06-27 17:25:34,2025-06-27 17:40:34
554,399,2025-06-07 08:08:32,2025-06-07 08:18:32
555,40,2025-05-25 22:09:33,2025-05-25 22:30:33
556,325,2025-05-17 12:44:36,2025-05-17 12:52:36
557,272,2025-07-01 03:38:07,2025-07-01 03:59:07
558,100,2025-07-03 06:24:02,2025-07-03 06:53:02
559,179,2025-05-17 04:26:05,2025-05-17 04:42:05
560,373,2025-05-25 00:36:37,2025-05-25 01:01:37
561,418,2025-05-17 19:15:24,2025-05-17 19:24:24
562,121,2025-05-26 23:11:39,2025-05-26 23:19:39
563,75,2025-06-01 09:50:42,2025-06-01 10:03:42
564,102,2025-06-04 09:05:06,2025-06-04 09:15:06
565,309,2025-06-21 04:00:38,2025-06-21 04:09:38
566,390,2025-05-13 06:16:23,2025-05-13 06:45:23
567,336,2025-06-06 09:36:17,2025-06-06 09:43:17
568,91,2025-07-05 10:19:18,2025-07-05 10:48:18
569,322,2025-05-19 09:37:29,2025-05-19 09:57:29
570,238,2025-06-16 19:21:20,2025-06-16 19:50:20
571,289,2025-06-12 18:22:27,2025-06-12 18:51:27
572,297,2025-05-21 04:10:31,2025-05-21 04:29:31
573,349,2025-06-27 23:22:11,2025-06-27 23:45:11
574,330,2025-07-07 05:34:16,2025-07-07 05:59:16
575,320,2025-05-19 13:39:03,2025-05-19 13:54:03
576,443,2025-06-13 09:41:57,2025-06-13 10:06:57
577,162,2025-07-06 00:28:16,2025-07-06 00:37:16
578,226,2025-06-02 17:58:16,2025-06-02 18:05:16
579,241,2025-07-11 09:16:47,2025-07-11 09:35:47
580,324,2025-06-28 12:34:20,2025-06-28 12:48:20
581,408,2025-06-18 19:47:11,2025-06-18 20:00:11
582,303,2025-06-01 22:22:47,2025-06-01 22:28:47
583,181,2025-07-09 23:26:36,2025-07-09 23:47:36
584,38,2025-05-13 00:55:54,2025-05-13 01:09:54
585,237,2025-06-08 04:01:47,2025-06-08 04:20:47
586,20,2025-06-15 17:22:01,2025-06-15 17:28:01
587,189,2025-05-18 04:07:06,2025-05-18 04:21:06
588,40,2025-06-24 20:24:40,2025-06-24 20:49:40
589,443,2025-06-02 07:22:11,2025-06-02 07:29:11
590,315,2025-05-17 17:51:49,2025-05-17 18:15:49
591,260,2025-06-05 03:06:17,2025-06-05 03:23:17
592,237,2025-05-30 07:59:57,2025-05-30 08:22:57
593,284,2025-05-13 20:02:32,2025-05-13 20:32:32
594,379,2025-05-31 16:24:05,2025-05-31 16:30:05
595,231,2025-06-30 21:46:28,2025-06-30 22:16:28
596,293,2025-05-22 23:29:29,2025-05-22 23:54:29
597,97,2025-06-10 05:20:32,2025-06-10 05:35:32
598,310,2025-06-10 14:10:48,2025-06-10 14:30:48
599,257,2025-07-08 04:56:00,2025-07-08 05:05:00
600,491,2025-05-29 03:01:22,2025-05-29 03:07:22
601,231,2025-06-11 18:03:35,2025-06-11 18:11:35
602,416,2025-05-26 22:56:37,2025-05-26 23:11:37
603,366,2025-05-22 03:40:45,2025-05-22 03:47:45
604,259,2025-07-10 13:54:55,2025-07-10 14:19:55
605,89,2025-06-21 03:04:07,2025-06-21 03:10:07
606,127,2025-05-22 10:01:58,2025-05-22 10:28:58
607,225,2025-06-02 05:51:56,2025-06-02 06:10:56
608,269,2025-05-13 09:59:47,2025-05-13 10:20:47
609,313,2025-06-19 23:20:17,2025-06-19 23:30:17
610,187,2025-05-28 07:08:02,2025-05-28 07:24:02
611,470,2025-05-21 18:41:50,2025-05-21 18:55:50
612,199,2025-07-06 20:02:54,2025-07-06 20:20:54
613,397,2025-07-10 10:10:01,2025-07-10 10:25:01
614,348,2025-05-20 11:24:59,2025-05-20 11:48:59
615,27,2025-06-15 18:43:32,2025-06-15 19:13:32
616,324,2025-07-03 09:17:07,2025-07-03 09:42:07
617,172,2025-06-02 08:12:36,2025-06-02 08:19:36
618,169,2025-06-30 18:49:43,2025-06-30 18:57:43
619,286,2025-06-15 06:52:41,2025-06-15 07:18:41
620,198,2025-06-28 20:37:43,2025-06-28 20:51:43
621,130,2025-05-28 01:26:04,2025-05-28 01:54:04
622,437,2025-06-21 15:59:54,2025-06-21 16:25:54
623,494,2025-07-06 20:11:34,2025-07-06 20:35:34
624,448,2025-05-12 04:48:39,2025-05-12 04:57:39
625,171,2025-05-29 03:40:17,2025-05-29 03:47:17
626,299,2025-05-27 20:10:48,2025-05-27 20:36:48
627,73,2025-05-15 13:15:40,2025-05-15 13:31:40
628,159,2025-05-29 23:01:41,2025-05-29 23:26:41
629,358,2025-06-30 01:44:16,2025-06-30 02:10:16
630,201,2025-06-13 14:01:36,2025-06-13 14:10:36
631,305,2025-06-22 12:51:06,2025-06-22 13:18:06
632,481,2025-07-04 00:47:40,2025-07-04 00:54:40
633,159,2025-06-01 13:32:59,2025-06-01 13:54:59
634,193,2025-05-29 21:33:48,2025-05-29 21:58:48
635,406,2025-05-28 13:05:42,2025-05-28 13:20:42
636,417,2025-06-16 23:31:18,2025-06-16 23:40:18
637,344,2025-07-11 14:47:23,2025-07-11 15:14:23
638,425,2025-07-08 03:48:29,2025-07-08 04:16:29
639,351,2025-06-13 07:36:13,2025-06-13 07:57:13
640,48,2025-06-27 21:12:16,2025-06-27 21:37:16
641,344,2025-06-18 05:11:18,2025-06-18 05:29:18
642,261,2025-06-12 08:23:22,2025-06-12 08:39:22
643,10,2025-06-26 07:32:41,2025-06-26 07:48:41
644,159,2025-05-19 08:02:41,2025-05-19 08:12:41
645,487,2025-06-12 22:49:49,2025-06-12 23:00:49
646,175,2025-06-18 13:15:57,2025-06-18 13:44:57
647,249,2025-06-14 17:49:47,2025-06-14 18:00:47
648,116,2025-06-20 11:09:35,2025-06-20 11:18:35
649,80,2025-06-19 02:48:58,2025-06-19 02:55:58
650,152,2025-06-10 23:32:36,2025-06-11 00:02:36
651,52,2025-06-11 07:51:56,2025-06-11 08:12:56
652,395,2025-05-18 07:05:35,2025-05-18 07:27:35
653,428,2025-06-30 23:19:19,2025-06-30 23:47:19
654,453,2025-07-09 07:53:06,2025-07-09 08:14:06
655,20,2025-06-22 05:57:49,2025-06-22 06:23:49
656,173,2025-06-02 13:36:57,2025-06-02 14:05:57
657,317,2025-05-31 10:33:53,2025-05-31 10:42:53
658,306,2025-05-18 07:45:06,2025-05-18 08:02:06
659,79,2025-05-19 17:02:52,2025-05-19 17:12:52
660,93,2025-05-15 13:05:43,2025-05-15 13:32:43
661,395,2025-06-20 12:31:38,2025-06-20 12:55:38
662,415,2025-07-11 05:52:43,2025-07-11 06:02:43
663,370,2025-06-17 08:56:43,2025-06-17 09:15:43
664,23,2025-06-18 18:30:01,2025-06-18 18:48:01
665,187,2025-05-16 17:44:43,2025-05-16 18:10:43
666,369,2025-06-16 21:11:45,2025-06-16 21:23:45
667,497,2025-07-01 06:17:15,2025-07-01 06:36:15
668,313,2025-05-27 14:10:06,2025-05-27 14:24:06
669,386,2025-06-09 07:55:37,2025-06-09 08:23:37
670,402,2025-07-03 10:00:21,2025-07-03 10:19:21
671,120,2025-06-10 13:55:37,2025-06-10 14:17:37
672,123,2025-05-29 15:45:14,2025-05-29 15:59:14
673,495,2025-06-27 13:23:57,2025-06-27 13:53:57
674,402,2025-06-16 15:58:56,2025-06-16 16:18:56
675,463,2025-06-28 17:13:56,2025-06-28 17:24:56
676,189,2025-07-02 17:21:41,2025-07-02 17:47:41
677,485,2025-07-03 06:04:58,2025-07-03 06:27:58
678,226,2025-06-18 18:47:55,2025-06-18 19:06:55
679,394,2025-05-24 12:10:07,2025-05-24 12:24:07
680,399,2025-05-28 01:53:42,2025-05-28 02:10:42
681,258,2025-05-20 14:30:58,2025-05-20 14:51:58
682,215,2025-05-28 07:59:27,2025-05-28 08:09:27
683,419,2025-06-15 17:21:04,2025-06-15 17:32:04
684,411,2025-06-21 02:24:48,2025-06-21 02:48:48
685,71,2025-06-24 01:23:32,2025-06-24 01:36:32
686,27,2025-06-16 02:20:04,2025-06-16 02:45:04
687,247,2025-06-27 12:52:47,2025-06-27 13:08:47
688,284,2025-07-05 15:47:03,2025-07-05 15:55:03
689,365,2025-06-20 17:29:10,2025-06-20 17:50:10
690,436,2025-07-05 06:28:26,2025-07-05 06:36:26
691,146,2025-07-03 00:33:05,2025-07-03 00:40:05
692,391,2025-05-14 21:03:18,2025-05-14 21:13:18
693,140,2025-07-01 23:57:52,2025-07-02 00:16:52
694,464,2025-07-07 07:41:52,2025-07-07 08:02:52
695,76,2025-06-11 20:56:05,2025-06-11 21:14:05
696,47,2025-06-13 15:26:44,2025-06-13 15:38:44
697,419,2025-05-25 15:14:45,2025-05-25 15:33:45
698,453,2025-07-08 00:36:35,2025-07-08 00:52:35
699,477,2025-05-30 07:41:42,2025-05-30 07:46:42
700,213,2025-06-18 13:44:41,2025-06-18 13:50:41
701,203,2025-06-04 04:02:22,2025-06-04 04:23:22
702,192,2025-06-23 19:33:56,2025-06-23 19:45:56
703,198,2025-05-25 12:14:04,2025-05-25 12:21:04
704,192,2025-07-10 02:20:52,2025-07-10 02:32:52
705,15,2025-05-20 19:50:40,2025-05-20 20:05:40
706,477,2025-07-09 23:17:36,2025-07-09 23:25:36
707,430,2025-05-25 16:29:39,2025-05-25 16:56:39
708,333,2025-07-04 13:40:35,2025-07-04 13:55:35
709,406,2025-06-17 03:58:44,2025-06-17 04:07:44
710,71,2025-07-10 05:25:10,2025-07-10 05:31:10
711,147,2025-05-27 04:36:53,2025-05-27 04:56:53
712,357,2025-06-05 04:21:46,2025-06-05 04:30:46
713,389,2025-05-27 12:46:20,2025-05-27 13:13:20
714,241,2025-06-28 23:35:28,2025-06-28 23:54:28
715,316,2025-05-19 06:15:20,2025-05-19 06:20:20
716,464,2025-06-15 12:26:08,2025-06-15 12:33:08
717,10,2025-05-22 08:16:22,2025-05-22 08:29:22
718,111,2025-06-10 02:57:45,2025-06-10 03:06:45
719,281,2025-06-14 20:44:07,2025-06-14 21:12:07
720,312,2025-07-10 02:47:31,2025-07-10 03:08:31
721,217,2025-07-05 00:36:09,2025-07-05 00:44:09
722,398,2025-06-21 09:45:27,2025-06-21 09:59:27
723,122,2025-05-21 06:57:13,2025-05-21 07:11:13
724,63,2025-07-08 06:30:55,2025-07-08 06:36:55
725,123,2025-05-26 08:53:37,2025-05-26 09:11:37
726,328,2025-06-15 18:32:13,2025-06-15 19:02:13
727,319,2025-06-02 02:37:40,2025-06-02 02:56:40
728,33,2025-06-15 08:21:22,2025-06-15 08:29:22
729,429,2025-05-27 07:52:18,2025-05-27 08:12:18
730,306,2025-05-28 00:23:22,2025-05-28 00:45:22
731,9,2025-05-30 08:14:13,2025-05-30 08:39:13
732,264,2025-06-21 16:36:03,2025-06-21 16:59:03
733,124,2025-06-29 12:04:53,2025-06-29 12:31:53
734,74,2025-06-26 15:20:26,2025-06-26 15:34:26
735,220,2025-06-03 03:29:52,2025-06-03 03:34:52
736,315,2025-06-19 11:05:33,2025-06-19 11:21:33
737,124,2025-06-04 03:13:57,2025-06-04 03:36:57
738,214,2025-06-18 07:39:33,2025-06-18 07:49:33
739,341,2025-05-14 23:16:12,2025-05-14 23:42:12
740,44,2025-05-16 02:00:55,2025-05-16 02:21:55
741,500,2025-06-08 19:34:13,2025-06-08 19:50:13
742,35,2025-05-18 07:30:37,2025-05-18 07:51:37
743,279,2025-07-05 08:11:21,2025-07-05 08:32:21
744,403,2025-06-30 23:53:55,2025-07-01 00:14:55
745,284,2025-06-10 22:26:54,2025-06-10 22:31:54
746,200,2025-07-07 01:53:04,2025-07-07 02:13:04
747,23,2025-05-24 08:22:14,2025-05-24 08:47:14
748,199,2025-06-10 10:09:40,2025-06-10 10:25:40
749,130,2025-06-27 06:54:43,2025-06-27 07:22:43
750,9,2025-06-28 18:55:44,2025-06-28 19:11:44
751,404,2025-06-13 05:26:12,2025-06-13 05:33:12
752,177,2025-07-05 09:46:51,2025-07-05 09:58:51
753,376,2025-05-30 20:17:26,2025-05-30 20:43:26
754,322,2025-06-16 08:37:20,2025-06-16 08:45:20
755,396,2025-05-17 08:31:00,2025-05-17 08:54:00
756,377,2025-06-25 19:07:41,2025-06-25 19:36:41
757,171,2025-05-18 21:51:52,2025-05-18 22:00:52
758,23,2025-07-11 20:50:29,2025-07-11 21:06:29
759,280,2025-06-19 11:57:21,2025-06-19 12:12:21
760,417,2025-05-27 07:45:30,2025-05-27 08:10:30
761,90,2025-06-09 19:39:06,2025-06-09 20:08:06
762,351,2025-05-25 14:03:45,2025-05-25 14:22:45
763,357,2025-07-09 15:17:40,2025-07-09 15:37:40
764,324,2025-06-19 02:56:35,2025-06-19 03:06:35
765,416,2025-06-10 01:54:56,2025-06-10 02:03:56
766,33,2025-06-28 19:09:25,2025-06-28 19:36:25
767,398,2025-05-24 06:37:56,2025-05-24 06:56:56
768,19,2025-06-23 19:54:03,2025-06-23 20:08:03
769,104,2025-05-29 19:32:33,2025-05-29 19:38:33
770,406,2025-06-23 05:56:08,2025-06-23 06:07:08
771,454,2025-06-04 22:09:30,2025-06-04 22:15:30
772,162,2025-05-22 22:48:24,2025-05-22 23:02:24
773,264,2025-06-01 04:39:45,2025-06-01 04:56:45
774,418,2025-07-11 16:29:07,2025-07-11 16:51:07
775,243,2025-07-11 05:56:27,2025-07-11 06:09:27
776,19,2025-06-08 21:51:42,2025-06-08 22:20:42
777,332,2025-05-23 04:11:46,2025-05-23 04:22:46
778,147,2025-05-17 08:32:08,2025-05-17 08:48:08
779,442,2025-07-05 23:10:35,2025-07-05 23:39:35
780,25,2025-06-27 01:12:02,2025-06-27 01:37:02
781,170,2025-05-19 16:33:08,2025-05-19 16:46:08
782,64,2025-06-21 21:29:40,2025-06-21 21:59:40
783,189,2025-05-13 19:27:07,2025-05-13 19:45:07
784,456,2025-06-10 15:46:06,2025-06-10 16:03:06
785,381,2025-06-27 14:35:31,2025-06-27 14:54:31
786,459,2025-06-25 16:21:48,2025-06-25 16:38:48
787,174,2025-07-04 06:01:00,2025-07-04 06:11:00
788,255,2025-06-18 15:43:23,2025-06-18 16:10:23
789,255,2025-06-12 12:53:49,2025-06-12 13:09:49
790,474,2025-07-08 14:15:07,2025-07-08 14:45:07
791,266,2025-06-19 07:12:13,2025-06-19 07:25:13
792,411,2025-05-30 14:00:20,2025-05-30 14:07:20
793,373,2025-05-20 20:15:07,2025-05-20 20:33:07
794,41,2025-05-20 15:06:13,2025-05-20 15:24:13
795,309,2025-06-18 20:24:48,2025-06-18 20:34:48
796,280,2025-06-12 14:33:50,2025-06-12 14:47:50
797,165,2025-06-30 07:51:00,2025-06-30 07:59:00
798,41,2025-06-15 11:33:39,2025-06-15 11:48:39
799,339,2025-05-21 19:37:04,2025-05-21 19:51:04
800,157,2025-07-06 06:34:58,2025-07-06 06:53:58
801,309,2025-06-27 06:23:26,2025-06-27 06:50:26
802,219,2025-06-23 04:31:01,2025-06-23 04:41:01
803,354,2025-07-06 04:57:31,2025-07-06 05:16:31
804,180,2025-05-27 03:14:27,2025-05-27 03:33:27
805,22,2025-07-07 19:37:06,2025-07-07 20:05:06
806,446,2025-06-01 05:50:59,2025-06-01 06:06:59
807,315,2025-07-11 12:05:03,2025-07-11 12:23:03
808,141,2025-06-23 10:41:24,2025-06-23 11:06:24
809,406,2025-05-14 22:15:47,2025-05-14 22:21:47
810,39,2025-06-20 09:46:06,2025-06-20 10:12:06
811,327,2025-07-03 16:18:11,2025-07-03 16:35:11
812,187,2025-06-08 19:52:22,2025-06-08 20:13:22
813,411,2025-07-10 00:33:05,2025-07-10 01:01:05
814,348,2025-05-26 04:32:29,2025-05-26 04:42:29
815,488,2025-05-25 19:50:09,2025-05-25 19:55:09
816,74,2025-07-06 09:01:32,2025-07-06 09:25:32
817,348,2025-06-20 07:28:42,2025-06-20 07:58:42
818,225,2025-06-13 15:12:50,2025-06-13 15:18:50
819,65,2025-06-20 21:46:50,2025-06-20 21:53:50
820,121,2025-07-07 18:51:55,2025-07-07 19:20:55
821,331,2025-05-30 10:08:28,2025-05-30 10:24:28
822,186,2025-07-06 21:51:21,2025-07-06 22:08:21
823,487,2025-05-25 08:13:33,2025-05-25 08:36:33
824,17,2025-06-18 05:15:51,2025-06-18 05:39:51
825,79,2025-05-17 07:38:36,2025-05-17 08:04:36
826,231,2025-06-08 02:07:48,2025-06-08 02:23:48
827,191,2025-05-31 03:38:57,2025-05-31 03:57:57
828,391,2025-05-27 17:24:37,2025-05-27 17:31:37
829,294,2025-06-02 23:58:20,2025-06-03 00:07:20
830,272,2025-05-28 06:30:26,2025-05-28 06:46:26
831,204,2025-05-18 03:19:42,2025-05-18 03:34:42
832,333,2025-07-03 19:16:26,2025-07-03 19:29:26
833,128,2025-06-26 20:48:30,2025-06-26 20:56:30
834,14,2025-05-20 02:35:53,2025-05-20 03:03:53
835,96,2025-06-23 07:02:03,2025-06-23 07:22:03
836,266,2025-05-26 00:22:15,2025-05-26 00:39:15
837,468,2025-06-05 06:57:37,2025-06-05 07:19:37
838,61,2025-07-10 07:34:38,2025-07-10 07:47:38
839,397,2025-06-20 12:30:09,2025-06-20 12:43:09
840,361,2025-06-09 22:15:18,2025-06-09 22:34:18
841,110,2025-06-02 10:06:53,2025-06-02 10:30:53
842,147,2025-05-28 01:16:54,2025-05-28 01:43:54
843,470,2025-06-04 14:48:21,2025-06-04 15:08:21
844,103,2025-07-07 17:33:32,2025-07-07 17:41:32
845,70,2025-06-27 18:37:50,2025-06-27 18:44:50
846,232,2025-05-18 18:44:13,2025-05-18 18:54:13
847,461,2025-05-18 19:30:14,2025-05-18 19:57:14
848,228,2025-07-07 19:38:06,2025-07-07 19:45:06
849,415,2025-06-16 06:55:42,2025-06-16 07:21:42
850,496,2025-06-19 01:13:42,2025-06-19 01:28:42
851,342,2025-05-13 17:52:01,2025-05-13 18:08:01
852,364,2025-06-05 14:16:54,2025-06-05 14:23:54
853,282,2025-06-10 19:53:35,2025-06-10 20:15:35
854,149,2025-06-09 01:17:46,2025-06-09 01:31:46
855,436,2025-06-28 04:40:09,2025-06-28 04:50:09
856,365,2025-05-28 13:31:51,2025-05-28 13:58:51
857,475,2025-06-30 18:10:00,2025-06-30 18:37:00
858,327,2025-05-13 14:53:24,2025-05-13 15:03:24
859,407,2025-06-08 09:40:54,2025-06-08 09:56:54
860,261,2025-05-22 10:09:42,2025-05-22 10:21:42
861,63,2025-06-26 07:54:48,2025-06-26 08:05:48
862,406,2025-06-16 01:33:45,2025-06-16 01:42:45
863,122,2025-07-11 14:23:18,2025-07-11 14:53:18
864,253,2025-05-21 08:03:19,2025-05-21 08:08:19
865,185,2025-06-11 22:58:41,2025-06-11 23:20:41
866,294,2025-06-26 11:05:42,2025-06-26 11:21:42
867,240,2025-06-30 02:23:16,2025-06-30 02:53:16
868,283,2025-05-26 09:49:05,2025-05-26 09:58:05
869,314,2025-06-04 14:00:00,2025-06-04 14:07:00
870,34,2025-05-18 00:02:46,2025-05-18 00:16:46
871,204,2025-05-21 05:02:42,2025-05-21 05:29:42
872,369,2025-05-24 12:22:26,2025-05-24 12:42:26
873,270,2025-06-29 09:58:45,2025-06-29 10:16:45
874,394,2025-05-21 13:27:57,2025-05-21 13:45:57
875,422,2025-05-12 05:01:27,2025-05-12 05:24:27
876,38,2025-06-05 10:09:53,2025-06-05 10:18:53
877,498,2025-05-26 19:28:22,2025-05-26 19:43:22
878,329,2025-05-27 14:32:48,2025-05-27 14:39:48
879,231,2025-06-01 04:46:52,2025-06-01 05:05:52
880,349,2025-06-05 02:15:21,2025-06-05 02:36:21
881,177,2025-07-06 16:21:53,2025-07-06 16:30:53
882,450,2025-06-07 15:17:42,2025-06-07 15:46:42
883,283,2025-05-29 12:46:06,2025-05-29 13:11:06
884,301,2025-05-18 03:06:01,2025-05-18 03:16:01
885,394,2025-07-03 06:06:41,2025-07-03 06:15:41
886,222,2025-05-28 17:29:19,2025-05-28 17:50:19
887,467,2025-06-02 05:24:58,2025-06-02 05:30:58
888,426,2025-07-09 19:45:43,2025-07-09 19:53:43
889,266,2025-06-23 16:38:38,2025-06-23 16:47:38
890,156,2025-06-29 23:09:00,2025-06-29 23:19:00
891,83,2025-06-23 10:41:30,2025-06-23 10:56:30
892,479,2025-06-17 01:28:01,2025-06-17 01:55:01
893,116,2025-07-02 13:28:50,2025-07-02 13:44:50
894,486,2025-06-21 16:53:28,2025-06-21 17:14:28
895,459,2025-06-26 20:45:53,2025-06-26 20:59:53
896,434,2025-05-29 16:55:07,2025-05-29 17:02:07
897,129,2025-07-08 14:35:15,2025-07-08 14:46:15
898,326,2025-06-16 00:13:44,2025-06-16 00:35:44
899,141,2025-06-18 04:39:57,2025-06-18 04:48:57
900,321,2025-06-09 06:28:44,2025-06-09 06:42:44
901,315,2025-05-12 16:12:38,2025-05-12 16:34:38
902,48,2025-05-23 12:31:29,2025-05-23 12:52:29
903,329,2025-06-11 13:54:39,2025-06-11 14:04:39
904,304,2025-05-22 02:27:35,2025-05-22 02:50:35
905,79,2025-06-05 03:39:33,2025-06-05 03:49:33
906,338,2025-05-15 11:05:08,2025-05-15 11:29:08
907,369,2025-06-04 00:48:03,2025-06-04 01:12:03
908,173,2025-06-04 22:25:53,2025-06-04 22:48:53
909,22,2025-05-30 22:51:31,2025-05-30 22:56:31
910,42,2025-06-30 09:31:29,2025-06-30 09:37:29
911,486,2025-05-21 10:00:07,2025-05-21 10:25:07
912,395,2025-07-07 20:31:50,2025-07-07 20:54:50
913,136,2025-05-25 04:36:59,2025-05-25 05:01:59
914,108,2025-05-12 13:45:19,2025-05-12 14:14:19
915,293,2025-07-05 11:30:25,2025-07-05 11:48:25
916,317,2025-06-12 13:02:54,2025-06-12 13:27:54
917,16,2025-07-02 20:44:05,2025-07-02 21:04:05
918,456,2025-06-22 11:09:31,2025-06-22 11:34:31
919,280,2025-06-14 19:05:59,2025-06-14 19:19:59
920,329,2025-05-25 19:32:46,2025-05-25 19:46:46
921,248,2025-07-08 13:18:10,2025-07-08 13:30:10
922,413,2025-06-20 13:37:41,2025-06-20 14:07:41
923,351,2025-05-30 12:36:12,2025-05-30 12:53:12
924,153,2025-07-03 14:31:08,2025-07-03 14:50:08
925,38,2025-06-25 06:44:25,2025-06-25 07:11:25
926,31,2025-07-06 20:35:07,2025-07-06 20:45:07
927,226,2025-05-21 07:51:47,2025-05-21 08:09:47
928,248,2025-06-12 04:38:32,2025-06-12 04:57:32
929,105,2025-07-03 02:10:39,2025-07-03 02:25:39
930,311,2025-06-22 20:26:34,2025-06-22 20:35:34
931,161,2025-06-30 05:07:56,2025-06-30 05:34:56
932,164,2025-05-15 19:10:36,2025-05-15 19:38:36
933,441,2025-06-23 23:48:14,2025-06-24 00:04:14
934,500,2025-06-11 15:58:56,2025-06-11 16:15:56
935,67,2025-06-10 14:24:52,2025-06-10 14:53:52
936,190,2025-06-04 23:26:04,2025-06-04 23:47:04
937,288,2025-05-30 20:20:37,2025-05-30 20:28:37
938,164,2025-06-03 03:11:21,2025-06-03 03:23:21
939,239,2025-06-14 18:32:06,2025-06-14 18:40:06
940,137,2025-06-09 01:42:33,2025-06-09 02:01:33
941,127,2025-06-29 10:21:23,2025-06-29 10:30:23
942,50,2025-05-18 20:04:43,2025-05-18 20:10:43
943,149,2025-07-10 01:23:23,2025-07-10 01:40:23
944,443,2025-06-19 23:23:32,2025-06-19 23:47:32
945,215,2025-06-09 22:46:24,2025-06-09 22:58:24
946,493,2025-07-06 23:50:03,2025-07-07 00:00:03
947,417,2025-07-07 17:19:27,2025-07-07 17:34:27
948,479,2025-07-10 19:10:23,2025-07-10 19:33:23
949,370,2025-05-16 14:27:24,2025-05-16 14:42:24
950,98,2025-07-11 10:41:31,2025-07-11 11:10:31
951,82,2025-07-09 06:30:24,2025-07-09 06:50:24
952,264,2025-07-04 06:45:46,2025-07-04 07:04:46
953,256,2025-06-28 10:33:47,2025-06-28 10:47:47
954,255,2025-07-02 17:02:11,2025-07-02 17:07:11
955,47,2025-06-28 07:20:55,2025-06-28 07:37:55
956,259,2025-05-22 20:38:23,2025-05-22 20:57:23
957,495,2025-06-17 08:49:28,2025-06-17 09:01:28
958,111,2025-05-22 19:07:45,2025-05-22 19:30:45
959,181,2025-05-13 13:21:45,2025-05-13 13:27:45
960,26,2025-06-26 19:36:18,2025-06-26 19:50:18
961,254,2025-06-05 02:43:57,2025-06-05 03:07:57
962,452,2025-05-23 22:18:14,2025-05-23 22:43:14
963,345,2025-05-26 05:52:25,2025-05-26 06:12:25
964,147,2025-05-14 19:25:46,2025-05-14 19:47:46
965,5,2025-06-02 20:50:03,2025-06-02 20:58:03
966,221,2025-07-02 12:32:08,2025-07-02 12:41:08
967,452,2025-06-28 00:27:40,2025-06-28 00:40:40
968,373,2025-07-08 04:13:01,2025-07-08 04:29:01
969,392,2025-05-26 08:21:24,2025-05-26 08:38:24
970,188,2025-05-19 11:37:30,2025-05-19 11:43:30
971,206,2025-05-28 02:49:52,2025-05-28 02:55:52
972,292,2025-06-02 14:55:00,2025-06-02 15:17:00
973,100,2025-06-15 11:08:39,2025-06-15 11:24:39
974,284,2025-07-02 20:41:14,2025-07-02 20:55:14
975,38,2025-06-24 19:23:15,2025-06-24 19:40:15
976,259,2025-06-19 10:20:54,2025-06-19 10:39:54
977,392,2025-06-26 23:09:48,2025-06-26 23:31:48
978,144,2025-05-26 02:59:35,2025-05-26 03:23:35
979,349,2025-06-26 15:40:37,2025-06-26 16:04:37
980,61,2025-05-31 11:58:57,2025-05-31 12:07:57
981,500,2025-06-26 10:44:28,2025-06-26 10:52:28
982,202,2025-05-19 00:54:38,2025-05-19 01:10:38
983,407,2025-05-21 10:11:40,2025-05-21 10:26:40
984,286,2025-05-20 21:27:17,2025-05-20 21:43:17
985,387,2025-06-15 13:01:33,2025-06-15 13:10:33
986,102,2025-07-05 20:17:24,2025-07-05 20:41:24
987,261,2025-05-13 12:03:45,2025-05-13 12:20:45
988,257,2025-06-25 19:25:58,2025-06-25 19:31:58
989,24,2025-06-29 14:08:25,2025-06-29 14:14:25
990,71,2025-05-17 19:41:47,2025-05-17 20:08:47
991,171,2025-07-06 07:35:55,2025-07-06 08:05:55
992,243,2025-07-08 12:16:23,2025-07-08 12:37:23
993,234,2025-06-26 00:54:38,2025-06-26 01:03:38
994,311,2025-06-29 17:32:14,2025-06-29 17:53:14
995,72,2025-06-18 06:32:20,2025-06-18 06:47:20
996,477,2025-06-18 07:15:06,2025-06-18 07:39:06
997,164,2025-05-29 12:50:19,2025-05-29 13:00:19
998,202,2025-06-13 17:40:07,2025-06-13 18:04:07
999,379,2025-05-18 04:26:06,2025-05-18 04:40:06
1000,304,2025-05-27 06:40:54,2025-05-27 06:55:54
1001,260,2025-07-09 20:46:12,2025-07-09 21:07:12
1002,273,2025-05-25 19:16:01,2025-05-25 19:36:01
1003,363,2025-07-01 14:58:39,2025-07-01 15:21:39
1004,154,2025-06-01 13:46:09,2025-06-01 14:06:09
1005,418,2025-06-12 17:24:07,2025-06-12 17:29:07
1006,189,2025-05-22 13:05:56,2025-05-22 13:20:56
1007,345,2025-06-16 04:15:21,2025-06-16 04:23:21
1008,214,2025-06-13 05:26:39,2025-06-13 05:49:39
1009,158,2025-06-01 20:52:29,2025-06-01 21:22:29
1010,461,2025-07-07 18:43:35,2025-07-07 19:11:35
1011,447,2025-06-23 03:23:42,2025-06-23 03:50:42
1012,323,2025-06-26 00:57:22,2025-06-26 01:02:22
1013,306,2025-06-26 09:37:02,2025-06-26 09:57:02
1014,136,2025-06-23 08:59:20,2025-06-23 09:24:20
1015,401,2025-06-23 12:26:22,2025-06-23 12:55:22
1016,297,2025-06-10 23:02:34,2025-06-10 23:25:34
1017,117,2025-05-17 09:29:34,2025-05-17 09:57:34
1018,27,2025-06-12 14:20:00,2025-06-12 14:43:00
1019,246,2025-07-09 15:23:18,2025-07-09 15:33:18
1020,269,2025-06-02 09:58:42,2025-06-02 10:23:42
1021,370,2025-06-23 18:11:28,2025-06-23 18:35:28
1022,397,2025-05-13 13:55:23,2025-05-13 14:12:23
1023,76,2025-06-07 12:02:28,2025-06-07 12:28:28
1024,125,2025-06-16 22:20:45,2025-06-16 22:26:45
1025,294,2025-07-06 22:14:30,2025-07-06 22:41:30
1026,57,2025-06-24 17:02:54,2025-06-24 17:13:54
1027,10,2025-06-07 22:43:43,2025-06-07 23:02:43
1028,161,2025-05-31 09:11:14,2025-05-31 09:29:14
1029,78,2025-06-15 13:32:06,2025-06-15 13:50:06
1030,354,2025-05-18 16:21:37,2025-05-18 16:32:37
1031,211,2025-07-03 15:42:58,2025-07-03 16:03:58
1032,397,2025-05-31 00:01:49,2025-05-31 00:25:49
1033,472,2025-06-11 23:52:11,2025-06-12 00:12:11
1034,447,2025-06-26 02:15:16,2025-06-26 02:43:16
1035,373,2025-07-05 09:03:52,2025-07-05 09:09:52
1036,362,2025-07-06 21:30:07,2025-07-06 21:39:07
1037,266,2025-07-03 07:46:47,2025-07-03 07:57:47
1038,288,2025-06-12 03:16:39,2025-06-12 03:31:39
1039,340,2025-06-21 19:00:49,2025-06-21 19:20:49
1040,270,2025-06-09 05:44:31,2025-06-09 06:01:31
1041,161,2025-06-14 02:27:22,2025-06-14 02:37:22
1042,236,2025-06-13 14:35:41,2025-06-13 14:57:41
1043,176,2025-05-31 00:48:35,2025-05-31 01:10:35
1044,182,2025-06-01 05:12:51,2025-06-01 05:38:51
1045,396,2025-05-22 15:05:09,2025-05-22 15:33:09
1046,349,2025-06-16 13:57:48,2025-06-16 14:22:48
1047,412,2025-06-29 04:51:17,2025-06-29 05:18:17
1048,136,2025-06-25 16:45:27,2025-06-25 17:09:27
1049,248,2025-05-29 09:07:38,2025-05-29 09:18:38
1050,491,2025-05-15 07:27:24,2025-05-15 07:39:24
1051,143,2025-05-26 23:34:57,2025-05-26 23:56:57
1052,153,2025-06-02 11:17:51,2025-06-02 11:29:51
1053,483,2025-06-23 06:52:35,2025-06-23 07:06:35
1054,395,2025-05-27 18:09:46,2025-05-27 18:23:46
1055,361,2025-06-07 07:23:55,2025-06-07 07:34:55
1056,354,2025-06-01 10:11:10,2025-06-01 10:38:10
1057,251,2025-06-09 12:22:24,2025-06-09 12:37:24
1058,246,2025-05-23 19:18:58,2025-05-23 19:34:58
1059,287,2025-07-04 18:38:57,2025-07-04 19:08:57
1060,370,2025-06-28 02:13:30,2025-06-28 02:26:30
1061,148,2025-05-21 18:16:33,2025-05-21 18:24:33
1062,294,2025-05-13 09:44:36,2025-05-13 10:10:36
1063,279,2025-07-08 16:32:18,2025-07-08 16:49:18
1064,459,2025-06-03 19:09:34,2025-06-03 19:26:34
1065,420,2025-06-19 21:19:35,2025-06-19 21:35:35
1066,489,2025-06-05 14:49:07,2025-06-05 15:18:07
1067,412,2025-06-22 18:35:19,2025-06-22 18:44:19
1068,149,2025-06-21 14:15:03,2025-06-21 14:21:03
1069,148,2025-06-23 18:45:46,2025-06-23 19:12:46
1070,41,2025-06-10 02:05:14,2025-06-10 02:21:14
1071,474,2025-06-10 00:02:35,2025-06-10 00:21:35
1072,336,2025-06-19 19:31:01,2025-06-19 19:44:01
1073,383,2025-06-27 04:34:05,2025-06-27 04:54:05
1074,110,2025-05-12 22:17:45,2025-05-12 22:28:45
1075,424,2025-07-11 10:05:02,2025-07-11 10:27:02
1076,139,2025-06-17 17:29:58,2025-06-17 17:51:58
1077,357,2025-06-11 14:52:29,2025-06-11 15:05:29
1078,71,2025-07-10 04:28:08,2025-07-10 04:36:08
1079,316,2025-07-10 15:55:15,2025-07-10 16:23:15
1080,301,2025-05-16 07:52:27,2025-05-16 08:04:27
1081,125,2025-05-28 22:55:54,2025-05-28 23:01:54
1082,343,2025-05-23 03:57:46,2025-05-23 04:18:46
1083,116,2025-05-22 06:12:07,2025-05-22 06:37:07
1084,120,2025-06-14 09:50:28,2025-06-14 09:56:28
1085,52,2025-06-29 17:54:51,2025-06-29 18:12:51
1086,170,2025-07-07 22:43:26,2025-07-07 23:10:26
1087,242,2025-07-10 08:31:43,2025-07-10 08:39:43
1088,349,2025-06-25 18:49:58,2025-06-25 19:18:58
1089,71,2025-06-07 01:42:37,2025-06-07 01:47:37
1090,494,2025-07-09 14:43:57,2025-07-09 15:05:57
1091,476,2025-05-31 22:04:55,2025-05-31 22:14:55
1092,209,2025-07-11 09:19:18,2025-07-11 09:44:18
1093,479,2025-06-21 21:08:38,2025-06-21 21:28:38
1094,245,2025-06-16 06:15:12,2025-06-16 06:40:12
1095,103,2025-06-04 16:48:36,2025-06-04 17:17:36
1096,494,2025-06-17 23:19:34,2025-06-17 23:33:34
1097,165,2025-06-09 15:35:14,2025-06-09 15:49:14
1098,331,2025-06-20 08:51:11,2025-06-20 08:57:11
1099,465,2025-05-28 14:23:37,2025-05-28 14:52:37
1100,46,2025-05-29 02:17:22,2025-05-29 02:42:22
1101,294,2025-06-21 21:24:56,2025-06-21 21:36:56
1102,274,2025-06-30 23:48:52,2025-07-01 00:16:52
1103,371,2025-05-23 11:45:23,2025-05-23 11:51:23
1104,468,2025-07-10 14:03:22,2025-07-10 14:13:22
1105,214,2025-05-26 16:45:47,2025-05-26 16:55:47
1106,479,2025-06-10 18:04:26,2025-06-10 18:10:26
1107,429,2025-06-24 18:39:20,2025-06-24 18:56:20
1108,404,2025-06-06 00:20:05,2025-06-06 00:40:05
1109,96,2025-06-22 07:52:56,2025-06-22 08:20:56
1110,493,2025-06-27 20:44:03,2025-06-27 20:58:03
1111,449,2025-06-02 02:32:00,2025-06-02 02:38:00
1112,5,2025-07-10 11:22:59,2025-07-10 11:36:59
1113,291,2025-06-06 15:13:47,2025-06-06 15:37:47
1114,55,2025-06-10 17:42:00,2025-06-10 17:57:00
1115,146,2025-05-17 13:17:33,2025-05-17 13:36:33
1116,329,2025-06-07 04:04:11,2025-06-07 04:26:11
1117,269,2025-06-01 18:11:34,2025-06-01 18:31:34
1118,456,2025-06-08 16:43:46,2025-06-08 16:52:46
1119,436,2025-06-24 20:56:43,2025-06-24 21:17:43
1120,240,2025-06-27 04:09:29,2025-06-27 04:22:29
1121,99,2025-06-17 03:51:50,2025-06-17 04:21:50
1122,58,2025-05-21 09:53:28,2025-05-21 10:08:28
1123,84,2025-05-24 19:08:48,2025-05-24 19:36:48
1124,235,2025-05-12 04:30:50,2025-05-12 04:55:50
1125,132,2025-07-02 09:03:53,2025-07-02 09:30:53
1126,96,2025-06-10 11:08:59,2025-06-10 11:13:59
1127,378,2025-06-07 05:28:12,2025-06-07 05:43:12
1128,405,2025-06-10 04:36:25,2025-06-10 04:50:25
1129,291,2025-07-08 02:01:11,2025-07-08 02:27:11
1130,388,2025-05-12 23:12:49,2025-05-12 23:23:49
1131,90,2025-07-01 10:27:20,2025-07-01 10:51:20
1132,439,2025-07-06 22:28:46,2025-07-06 22:53:46
1133,460,2025-07-01 14:58:53,2025-07-01 15:15:53
1134,424,2025-05-24 19:27:25,2025-05-24 19:45:25
1135,264,2025-05-30 00:00:44,2025-05-30 00:15:44
1136,45,2025-07-07 19:02:59,2025-07-07 19:19:59
1137,343,2025-05-15 19:55:46,2025-05-15 20:03:46
1138,95,2025-07-03 08:49:08,2025-07-03 08:58:08
1139,245,2025-06-21 10:00:46,2025-06-21 10:15:46
1140,480,2025-06-03 18:12:38,2025-06-03 18:24:38
1141,4,2025-06-14 21:15:36,2025-06-14 21:28:36
1142,197,2025-07-07 15:55:21,2025-07-07 16:07:21
1143,229,2025-07-10 17:39:02,2025-07-10 18:08:02
1144,137,2025-05-30 09:27:29,2025-05-30 09:42:29
1145,155,2025-06-06 01:33:34,2025-06-06 01:56:34
1146,371,2025-06-14 17:11:29,2025-06-14 17:34:29
1147,6,2025-05-26 09:57:34,2025-05-26 10:10:34
1148,335,2025-05-23 06:05:36,2025-05-23 06:21:36
1149,355,2025-06-26 12:16:37,2025-06-26 12:28:37
1150,32,2025-06-26 00:29:23,2025-06-26 00:55:23
1151,61,2025-07-01 03:30:20,2025-07-01 03:49:20
1152,158,2025-05-27 08:52:49,2025-05-27 09:02:49
1153,208,2025-05-12 14:33:58,2025-05-12 14:59:58
1154,258,2025-06-06 06:46:45,2025-06-06 07:13:45
1155,395,2025-05-29 14:06:33,2025-05-29 14:20:33
1156,354,2025-07-04 06:32:15,2025-07-04 06:40:15
1157,328,2025-05-12 21:49:31,2025-05-12 22:03:31
1158,189,2025-06-03 01:52:34,2025-06-03 02:16:34
1159,114,2025-06-25 08:43:08,2025-06-25 08:55:08
1160,491,2025-07-06 18:16:07,2025-07-06 18:25:07
1161,245,2025-06-08 19:31:03,2025-06-08 19:40:03
1162,233,2025-06-13 10:58:57,2025-06-13 11:26:57
1163,311,2025-06-01 13:43:07,2025-06-01 13:59:07
1164,213,2025-05-28 05:17:19,2025-05-28 05:44:19
1165,282,2025-06-11 13:58:47,2025-06-11 14:18:47
1166,388,2025-07-09 10:56:58,2025-07-09 11:18:58
1167,411,2025-06-10 09:05:55,2025-06-10 09:31:55
1168,423,2025-07-06 01:24:00,2025-07-06 01:35:00
1169,391,2025-06-11 04:01:16,2025-06-11 04:13:16
1170,349,2025-05-29 15:33:02,2025-05-29 16:02:02
1171,306,2025-06-07 17:52:50,2025-06-07 18:22:50
1172,42,2025-06-20 18:15:53,2025-06-20 18:36:53
1173,229,2025-05-22 15:37:05,2025-05-22 15:58:05
1174,361,2025-06-29 23:24:30,2025-06-29 23:40:30
1175,40,2025-05-14 23:17:19,2025-05-14 23:40:19
1176,58,2025-05-18 12:46:15,2025-05-18 12:52:15
1177,425,2025-05-14 17:40:22,2025-05-14 18:02:22
1178,463,2025-06-19 05:48:33,2025-06-19 06:09:33
1179,104,2025-05-13 07:39:37,2025-05-13 08:02:37
1180,275,2025-05-25 12:07:02,2025-05-25 12:16:02
1181,85,2025-06-25 04:46:48,2025-06-25 05:01:48
1182,438,2025-05-29 18:54:01,2025-05-29 19:15:01
1183,227,2025-06-18 03:08:49,2025-06-18 03:16:49
1184,349,2025-07-06 04:08:44,2025-07-06 04:19:44
1185,368,2025-06-06 09:58:42,2025-06-06 10:21:42
1186,251,2025-05-25 03:51:58,2025-05-25 03:58:58
1187,461,2025-07-02 22:47:06,2025-07-02 23:08:06
1188,229,2025-06-30 14:08:33,2025-06-30 14:38:33
1189,29,2025-06-24 12:48:37,2025-06-24 13:07:37
1190,68,2025-05-29 19:27:43,2025-05-29 19:48:43
1191,213,2025-06-19 11:22:26,2025-06-19 11:41:26
1192,289,2025-06-22 06:14:03,2025-06-22 06:20:03
1193,287,2025-05-15 01:05:28,2025-05-15 01:24:28
1194,345,2025-07-09 15:00:35,2025-07-09 15:30:35
1195,158,2025-06-09 09:18:41,2025-06-09 09:46:41
1196,12,2025-07-06 12:55:30,2025-07-06 13:12:30
1197,131,2025-07-06 11:24:41,2025-07-06 11:29:41
1198,382,2025-05-14 01:36:16,2025-05-14 01:47:16
1199,297,2025-05-27 13:59:07,2025-05-27 14:06:07
1200,24,2025-05-27 00:08:14,2025-05-27 00:26:14
1201,177,2025-05-19 20:13:55,2025-05-19 20:40:55
1202,33,2025-05-15 20:30:15,2025-05-15 20:52:15
1203,31,2025-05-23 22:10:31,2025-05-23 22:17:31
1204,479,2025-05-24 05:49:53,2025-05-24 06:09:53
1205,17,2025-07-05 22:47:20,2025-07-05 23:01:20
1206,210,2025-05-17 19:44:46,2025-05-17 19:54:46
1207,394,2025-05-30 17:55:08,2025-05-30 18:04:08
1208,393,2025-06-18 23:39:32,2025-06-19 00:04:32
1209,374,2025-05-23 14:24:02,2025-05-23 14:49:02
1210,494,2025-06-08 04:34:31,2025-06-08 04:52:31
1211,192,2025-06-20 08:29:50,2025-06-20 08:46:50
1212,230,2025-06-25 20:45:34,2025-06-25 21:02:34
1213,193,2025-06-17 18:44:25,2025-06-17 18:51:25
1214,350,2025-06-23 05:42:58,2025-06-23 06:08:58
1215,448,2025-06-23 20:39:14,2025-06-23 21:01:14
1216,69,2025-06-30 20:55:56,2025-06-30 21:20:56
1217,441,2025-05-22 21:24:01,2025-05-22 21:40:01
1218,61,2025-05-18 17:14:58,2025-05-18 17:24:58
1219,276,2025-05-27 06:07:46,2025-05-27 06:24:46
1220,271,2025-07-02 14:40:21,2025-07-02 14:49:21
1221,373,2025-06-01 06:20:35,2025-06-01 06:32:35
1222,428,2025-06-21 23:47:21,2025-06-21 23:52:21
1223,388,2025-06-03 00:37:22,2025-06-03 00:42:22
1224,153,2025-05-19 19:08:33,2025-05-19 19:27:33
1225,345,2025-06-20 16:04:15,2025-06-20 16:32:15
1226,279,2025-05-17 19:43:50,2025-05-17 20:01:50
1227,273,2025-05-28 16:13:20,2025-05-28 16:30:20
1228,422,2025-05-30 23:50:43,2025-05-31 00:02:43
1229,127,2025-06-28 15:13:04,2025-06-28 15:32:04
1230,178,2025-06-09 03:46:10,2025-06-09 03:55:10
1231,142,2025-06-26 04:36:15,2025-06-26 04:47:15
1232,480,2025-05-16 23:30:08,2025-05-16 23:58:08
1233,392,2025-06-06 22:33:14,2025-06-06 22:41:14
1234,17,2025-07-06 04:31:20,2025-07-06 05:01:20
1235,339,2025-06-28 14:49:42,2025-06-28 15:07:42
1236,315,2025-06-25 11:00:35,2025-06-25 11:29:35
1237,480,2025-06-06 06:43:30,2025-06-06 06:48:30
1238,124,2025-06-15 06:52:30,2025-06-15 07:03:30
1239,35,2025-07-05 23:24:51,2025-07-05 23:32:51
1240,305,2025-06-12 09:51:13,2025-06-12 09:57:13
1241,229,2025-05-27 12:01:37,2025-05-27 12:25:37
1242,345,2025-07-04 12:16:28,2025-07-04 12:43:28
1243,447,2025-06-09 14:09:39,2025-06-09 14:15:39
1244,126,2025-05-31 22:53:37,2025-05-31 23:21:37
1245,23,2025-05-25 04:55:41,2025-05-25 05:12:41
1246,225,2025-06-04 03:18:39,2025-06-04 03:30:39
1247,277,2025-06-10 17:15:12,2025-06-10 17:26:12
1248,387,2025-05-28 15:05:46,2025-05-28 15:34:46
1249,29,2025-06-24 22:29:27,2025-06-24 22:38:27
1250,258,2025-06-02 17:02:34,2025-06-02 17:16:34
1251,120,2025-06-29 22:40:33,2025-06-29 23:08:33
1252,295,2025-05-31 19:01:17,2025-05-31 19:16:17
1253,296,2025-07-06 08:58:51,2025-07-06 09:22:51
1254,396,2025-05-14 01:00:44,2025-05-14 01:26:44
1255,420,2025-06-05 06:38:33,2025-06-05 06:53:33
1256,122,2025-06-09 15:03:18,2025-06-09 15:17:18
1257,449,2025-05-12 08:17:10,2025-05-12 08:26:10
1258,339,2025-06-24 05:52:35,2025-06-24 06:13:35
1259,114,2025-06-05 01:31:59,2025-06-05 01:49:59
1260,154,2025-06-27 06:16:11,2025-06-27 06:29:11
1261,32,2025-06-02 02:26:12,2025-06-02 02:48:12
1262,486,2025-06-15 20:51:55,2025-06-15 21:14:55
1263,451,2025-06-05 03:23:59,2025-06-05 03:51:59
1264,467,2025-05-19 00:09:32,2025-05-19 00:19:32
1265,321,2025-05-31 14:21:15,2025-05-31 14:47:15
1266,219,2025-06-17 04:09:19,2025-06-17 04:31:19
1267,254,2025-06-07 03:53:29,2025-06-07 03:59:29
1268,498,2025-05-15 19:15:35,2025-05-15 19:31:35
1269,483,2025-07-06 20:40:06,2025-07-06 21:05:06
1270,344,2025-07-04 20:07:16,2025-07-04 20:24:16
1271,403,2025-05-16 06:03:17,2025-05-16 06:24:17
1272,164,2025-05-20 00:16:29,2025-05-20 00:43:29
1273,214,2025-07-02 23:43:03,2025-07-03 00:01:03
1274,77,2025-07-10 16:46:57,2025-07-10 17:00:57
1275,193,2025-05-25 01:17:44,2025-05-25 01:27:44
1276,387,2025-06-04 18:23:55,2025-06-04 18:45:55
1277,243,2025-05-19 16:33:44,2025-05-19 16:45:44
1278,435,2025-07-03 05:16:37,2025-07-03 05:28:37
1279,154,2025-05-16 07:18:32,2025-05-16 07:45:32
1280,74,2025-07-08 21:36:57,2025-07-08 22:06:57
1281,238,2025-05-23 01:25:01,2025-05-23 01:31:01
1282,288,2025-06-19 09:47:23,2025-06-19 10:05:23
1283,496,2025-07-04 10:11:02,2025-07-04 10:29:02
1284,286,2025-05-24 23:37:02,2025-05-24 23:58:02
1285,69,2025-07-06 04:22:11,2025-07-06 04:39:11
1286,125,2025-05-19 23:37:53,2025-05-19 23:50:53
1287,105,2025-06-24 18:43:53,2025-06-24 18:58:53
1288,332,2025-06-04 04:04:42,2025-06-04 04:11:42
1289,473,2025-05-18 04:49:33,2025-05-18 05:08:33
1290,434,2025-06-06 17:44:46,2025-06-06 18:00:46
1291,48,2025-05-30 15:18:50,2025-05-30 15:40:50
1292,371,2025-06-16 22:09:27,2025-06-16 22:20:27
1293,27,2025-06-16 19:56:29,2025-06-16 20:09:29
1294,194,2025-05-26 10:52:23,2025-05-26 11:18:23
1295,310,2025-07-07 17:58:54,2025-07-07 18:22:54
1296,21,2025-05-27 21:30:57,2025-05-27 21:37:57
1297,97,2025-05-16 20:39:23,2025-05-16 21:09:23
1298,390,2025-05-27 06:05:52,2025-05-27 06:28:52
1299,371,2025-06-03 09:28:20,2025-06-03 09:54:20
1300,287,2025-07-03 02:00:07,2025-07-03 02:11:07
1301,246,2025-07-09 06:30:20,2025-07-09 06:41:20
1302,446,2025-06-30 02:40:08,2025-06-30 02:55:08
1303,156,2025-05-18 03:23:37,2025-05-18 03:28:37
1304,109,2025-05-13 14:22:43,2025-05-13 14:33:43
1305,493,2025-07-08 20:37:45,2025-07-08 21:05:45
1306,61,2025-06-07 02:55:42,2025-06-07 03:23:42
1307,387,2025-06-28 04:41:36,2025-06-28 05:01:36
1308,469,2025-07-10 04:59:34,2025-07-10 05:11:34
1309,357,2025-06-02 03:27:20,2025-06-02 03:51:20
1310,361,2025-05-18 07:13:55,2025-05-18 07:24:55
1311,204,2025-05-28 04:51:38,2025-05-28 05:03:38
1312,283,2025-05-31 05:00:43,2025-05-31 05:15:43
1313,398,2025-07-11 03:05:51,2025-07-11 03:19:51
1314,195,2025-05-25 03:26:05,2025-05-25 03:45:05
1315,274,2025-06-05 05:35:51,2025-06-05 06:00:51
1316,184,2025-05-14 04:30:20,2025-05-14 04:44:20
1317,134,2025-07-03 16:29:11,2025-07-03 16:45:11
1318,263,2025-05-15 07:52:33,2025-05-15 08:12:33
1319,239,2025-07-11 11:31:35,2025-07-11 11:39:35
1320,412,2025-06-02 08:39:47,2025-06-02 09:07:47
1321,241,2025-06-30 01:04:18,2025-06-30 01:33:18
1322,430,2025-06-20 16:06:16,2025-06-20 16:21:16
1323,469,2025-05-29 10:47:36,2025-05-29 10:58:36
1324,190,2025-06-06 12:58:52,2025-06-06 13:13:52
1325,212,2025-06-05 21:37:24,2025-06-05 21:43:24
1326,289,2025-05-13 07:34:58,2025-05-13 07:46:58
1327,380,2025-07-01 17:52:31,2025-07-01 18:01:31
1328,9,2025-05-20 04:03:26,2025-05-20 04:16:26
1329,284,2025-07-04 01:33:37,2025-07-04 01:56:37
1330,297,2025-07-11 08:10:35,2025-07-11 08:38:35
1331,214,2025-05-29 11:09:14,2025-05-29 11:23:14
1332,79,2025-05-25 16:53:31,2025-05-25 17:04:31
1333,169,2025-06-28 17:33:53,2025-06-28 17:45:53
1334,195,2025-06-14 13:27:50,2025-06-14 13:50:50
1335,427,2025-06-09 09:29:49,2025-06-09 09:41:49
1336,256,2025-06-13 00:04:57,2025-06-13 00:26:57
1337,336,2025-05-12 02:19:15,2025-05-12 02:45:15
1338,173,2025-05-15 12:45:20,2025-05-15 12:58:20
1339,391,2025-07-04 08:38:40,2025-07-04 08:58:40
1340,495,2025-06-10 06:49:57,2025-06-10 07:17:57
1341,329,2025-06-01 17:27:57,2025-06-01 17:55:57
1342,252,2025-06-19 12:58:54,2025-06-19 13:17:54
1343,87,2025-06-27 08:09:09,2025-06-27 08:37:09
1344,408,2025-06-29 08:49:51,2025-06-29 09:05:51
1345,87,2025-05-29 01:54:31,2025-05-29 02:03:31
1346,369,2025-06-12 07:40:56,2025-06-12 08:02:56
1347,251,2025-06-06 03:06:53,2025-06-06 03:16:53
1348,470,2025-06-07 15:51:38,2025-06-07 16:13:38
1349,329,2025-05-17 05:46:14,2025-05-17 05:52:14
1350,269,2025-07-08 05:49:13,2025-07-08 05:55:13
1351,430,2025-06-02 18:44:33,2025-06-02 18:51:33
1352,484,2025-05-25 09:32:22,2025-05-25 09:58:22
1353,25,2025-06-20 11:31:40,2025-06-20 12:00:40
1354,4,2025-05-23 00:50:59,2025-05-23 01:08:59
1355,71,2025-05-17 07:34:52,2025-05-17 07:59:52
1356,119,2025-06-13 04:46:38,2025-06-13 04:53:38
1357,363,2025-05-12 15:05:55,2025-05-12 15:14:55
1358,5,2025-05-24 10:34:53,2025-05-24 10:45:53
1359,259,2025-05-12 12:06:39,2025-05-12 12:25:39
1360,192,2025-05-12 09:41:02,2025-05-12 09:47:02
1361,317,2025-07-01 01:55:51,2025-07-01 02:20:51
1362,342,2025-06-21 12:23:33,2025-06-21 12:47:33
1363,468,2025-06-04 22:37:10,2025-06-04 22:57:10
1364,338,2025-05-24 00:18:37,2025-05-24 00:38:37
1365,9,2025-06-05 14:16:12,2025-06-05 14:21:12
1366,273,2025-06-18 11:15:12,2025-06-18 11:37:12
1367,211,2025-07-10 16:55:12,2025-07-10 17:00:12
1368,9,2025-06-27 00:26:38,2025-06-27 00:47:38
1369,370,2025-06-25 06:48:19,2025-06-25 07:01:19
1370,275,2025-05-20 12:35:20,2025-05-20 12:49:20
1371,9,2025-07-06 00:55:48,2025-07-06 01:16:48
1372,417,2025-06-04 00:15:44,2025-06-04 00:42:44
1373,346,2025-06-13 04:24:22,2025-06-13 04:42:22
1374,413,2025-06-28 09:34:24,2025-06-28 09:44:24
1375,55,2025-06-30 06:53:50,2025-06-30 07:01:50
1376,269,2025-05-13 22:57:59,2025-05-13 23:06:59
1377,124,2025-06-29 01:17:23,2025-06-29 01:28:23
1378,318,2025-05-21 05:19:58,2025-05-21 05:40:58
1379,130,2025-06-17 06:02:10,2025-06-17 06:18:10
1380,137,2025-05-24 04:48:08,2025-05-24 05:18:08
1381,204,2025-06-08 09:22:21,2025-06-08 09:29:21
1382,192,2025-07-09 11:13:06,2025-07-09 11:30:06
1383,236,2025-06-30 00:53:50,2025-06-30 01:16:50
1384,125,2025-06-12 16:30:53,2025-06-12 16:57:53
1385,116,2025-05-13 16:23:26,2025-05-13 16:37:26
1386,351,2025-05-27 03:41:51,2025-05-27 03:48:51
1387,335,2025-06-21 05:48:43,2025-06-21 06:13:43
1388,389,2025-06-12 19:42:01,2025-06-12 19:48:01
1389,48,2025-06-21 02:21:33,2025-06-21 02:38:33
1390,195,2025-06-27 07:22:47,2025-06-27 07:39:47
1391,283,2025-07-06 04:05:26,2025-07-06 04:25:26
1392,29,2025-05-13 14:41:35,2025-05-13 15:06:35
1393,5,2025-05-21 09:47:06,2025-05-21 10:14:06
1394,88,2025-06-28 18:16:21,2025-06-28 18:23:21
1395,256,2025-06-26 03:07:58,2025-06-26 03:25:58
1396,331,2025-05-24 11:44:06,2025-05-24 12:14:06
1397,170,2025-06-21 05:14:30,2025-06-21 05:37:30
1398,440,2025-06-08 18:17:13,2025-06-08 18:25:13
1399,459,2025-06-20 00:07:07,2025-06-20 00:28:07
1400,471,2025-06-24 05:39:42,2025-06-24 05:45:42
1401,118,2025-06-02 08:57:15,2025-06-02 09:08:15
1402,462,2025-05-29 14:47:26,2025-05-29 15:14:26
1403,455,2025-06-17 02:00:43,2025-06-17 02:23:43
1404,244,2025-07-02 22:50:17,2025-07-02 23:03:17
1405,24,2025-07-11 11:49:12,2025-07-11 11:56:12
1406,351,2025-06-17 04:49:19,2025-06-17 05:02:19
1407,461,2025-05-14 10:36:11,2025-05-14 10:58:11
1408,289,2025-06-24 21:38:11,2025-06-24 22:04:11
1409,17,2025-07-10 01:37:52,2025-07-10 01:47:52
1410,476,2025-06-28 07:34:36,2025-06-28 07:49:36
1411,9,2025-07-07 02:42:33,2025-07-07 02:53:33
1412,301,2025-05-17 20:45:59,2025-05-17 20:54:59
1413,386,2025-07-08 00:08:30,2025-07-08 00:35:30
1414,421,2025-06-14 18:00:58,2025-06-14 18:17:58
1415,476,2025-05-23 05:43:46,2025-05-23 05:50:46
1416,154,2025-07-05 21:58:39,2025-07-05 22:08:39
1417,289,2025-05-18 06:05:05,2025-05-18 06:17:05
1418,291,2025-07-05 14:15:09,2025-07-05 14:32:09
1419,347,2025-06-14 10:56:58,2025-06-14 11:18:58
1420,170,2025-06-05 16:39:47,2025-06-05 16:56:47
1421,387,2025-06-10 10:19:48,2025-06-10 10:47:48
1422,72,2025-06-30 21:57:04,2025-06-30 22:27:04
1423,353,2025-05-15 22:46:22,2025-05-15 23:14:22
1424,41,2025-07-08 04:37:30,2025-07-08 04:58:30
1425,382,2025-05-28 10:15:30,2025-05-28 10:31:30
1426,28,2025-05-17 05:37:14,2025-05-17 05:45:14
1427,224,2025-05-27 13:42:35,2025-05-27 13:54:35
1428,430,2025-05-31 10:44:40,2025-05-31 10:51:40
1429,175,2025-05-14 18:25:14,2025-05-14 18:49:14
1430,394,2025-06-20 05:55:08,2025-06-20 06:19:08
1431,489,2025-05-16 17:41:32,2025-05-16 18:05:32
1432,204,2025-07-05 04:36:45,2025-07-05 05:05:45
1433,168,2025-06-25 03:11:30,2025-06-25 03:16:30
1434,325,2025-06-08 21:18:28,2025-06-08 21:31:28
1435,402,2025-06-29 15:40:24,2025-06-29 15:59:24
1436,252,2025-06-14 00:21:19,2025-06-14 00:33:19
1437,183,2025-06-22 18:55:01,2025-06-22 19:17:01
1438,482,2025-05-18 19:38:28,2025-05-18 19:55:28
1439,222,2025-05-15 23:03:20,2025-05-15 23:13:20
1440,349,2025-06-13 02:45:45,2025-06-13 03:08:45
1441,339,2025-05-20 04:32:32,2025-05-20 04:49:32
1442,44,2025-05-18 14:50:33,2025-05-18 15:19:33
1443,317,2025-06-28 18:02:36,2025-06-28 18:16:36
1444,409,2025-06-18 02:28:00,2025-06-18 02:40:00
1445,366,2025-05-22 10:27:00,2025-05-22 10:34:00
1446,43,2025-05-12 21:49:17,2025-05-12 22:02:17
1447,79,2025-06-07 09:45:24,2025-06-07 10:02:24
1448,365,2025-07-01 11:02:24,2025-07-01 11:32:24
1449,325,2025-05-26 06:28:35,2025-05-26 06:37:35
1450,379,2025-05-27 08:23:53,2025-05-27 08:40:53
1451,163,2025-05-23 03:41:39,2025-05-23 03:57:39
1452,55,2025-05-19 16:03:11,2025-05-19 16:10:11
1453,3,2025-06-29 17:07:56,2025-06-29 17:21:56
1454,228,2025-06-20 18:20:12,2025-06-20 18:36:12
1455,390,2025-07-08 03:13:26,2025-07-08 03:26:26
1456,53,2025-05-29 05:58:07,2025-05-29 06:07:07
1457,45,2025-05-27 03:19:34,2025-05-27 03:29:34
1458,221,2025-07-10 04:39:06,2025-07-10 04:58:06
1459,286,2025-05-25 07:21:26,2025-05-25 07:43:26
1460,263,2025-05-21 22:21:53,2025-05-21 22:39:53
1461,53,2025-06-01 00:09:37,2025-06-01 00:14:37
1462,46,2025-06-17 06:25:50,2025-06-17 06:41:50
1463,284,2025-06-07 23:28:19,2025-06-07 23:35:19
1464,306,2025-05-23 12:38:57,2025-05-23 13:02:57
1465,402,2025-05-19 10:55:41,2025-05-19 11:10:41
1466,443,2025-05-24 05:41:31,2025-05-24 05:58:31
1467,7,2025-05-21 13:00:47,2025-05-21 13:14:47
1468,212,2025-06-27 03:51:59,2025-06-27 04:08:59
1469,399,2025-06-15 06:47:51,2025-06-15 06:54:51
1470,372,2025-07-01 18:32:49,2025-07-01 18:54:49
1471,464,2025-05-13 00:08:16,2025-05-13 00:20:16
1472,293,2025-06-27 20:04:55,2025-06-27 20:25:55
1473,87,2025-05-13 06:30:14,2025-05-13 06:56:14
1474,195,2025-07-05 14:12:17,2025-07-05 14:22:17
1475,72,2025-06-30 02:23:52,2025-06-30 02:36:52
1476,155,2025-06-23 01:05:40,2025-06-23 01:18:40
1477,253,2025-06-19 03:40:45,2025-06-19 03:49:45
1478,33,2025-06-09 05:38:19,2025-06-09 05:48:19
1479,223,2025-05-12 21:57:38,2025-05-12 22:10:38
1480,216,2025-06-30 09:27:29,2025-06-30 09:41:29
1481,248,2025-06-07 12:07:19,2025-06-07 12:37:19
1482,40,2025-06-17 18:10:55,2025-06-17 18:26:55
1483,129,2025-06-16 12:59:19,2025-06-16 13:11:19
1484,370,2025-05-16 22:44:02,2025-05-16 23:09:02
1485,254,2025-05-27 04:48:55,2025-05-27 05:12:55
1486,316,2025-05-13 12:32:39,2025-05-13 12:43:39
1487,235,2025-06-07 20:39:25,2025-06-07 20:47:25
1488,70,2025-06-15 13:16:40,2025-06-15 13:30:40
1489,4,2025-06-09 12:54:51,2025-06-09 13:11:51
1490,171,2025-05-22 19:03:26,2025-05-22 19:27:26
1491,195,2025-07-02 20:21:11,2025-07-02 20:51:11
1492,442,2025-06-02 07:55:32,2025-06-02 08:10:32
1493,226,2025-05-18 16:30:25,2025-05-18 16:45:25
1494,221,2025-07-09 12:40:12,2025-07-09 13:05:12
1495,499,2025-06-28 05:30:47,2025-06-28 05:54:47
1496,70,2025-06-30 19:24:29,2025-06-30 19:38:29
1497,165,2025-06-24 01:10:39,2025-06-24 01:34:39
1498,486,2025-05-27 05:25:41,2025-05-27 05:52:41
1499,103,2025-05-22 14:17:30,2025-05-22 14:37:30
1500,161,2025-06-14 12:52:34,2025-06-14 13:02:34
1501,494,2025-05-17 03:25:29,2025-05-17 03:42:29
1502,496,2025-05-20 10:11:25,2025-05-20 10:26:25
1503,150,2025-06-04 04:54:28,2025-06-04 05:22:28
1504,356,2025-05-15 00:09:36,2025-05-15 00:34:36
1505,252,2025-06-19 21:03:12,2025-06-19 21:26:12
1506,401,2025-07-03 04:05:24,2025-07-03 04:17:24
1507,167,2025-07-05 09:25:25,2025-07-05 09:42:25
1508,144,2025-06-01 20:42:18,2025-06-01 21:12:18
1509,202,2025-05-26 18:06:14,2025-05-26 18:22:14
1510,59,2025-06-30 23:12:31,2025-06-30 23:35:31
1511,103,2025-06-20 03:59:06,2025-06-20 04:22:06
1512,280,2025-05-30 15:17:45,2025-05-30 15:27:45
1513,350,2025-06-24 00:06:49,2025-06-24 00:35:49
1514,282,2025-07-08 10:40:45,2025-07-08 10:45:45
1515,488,2025-06-23 03:18:31,2025-06-23 03:46:31
1516,237,2025-05-15 00:51:27,2025-05-15 01:18:27
1517,108,2025-05-24 12:06:52,2025-05-24 12:25:52
1518,409,2025-05-15 02:04:22,2025-05-15 02:18:22
1519,426,2025-07-01 03:19:46,2025-07-01 03:46:46
1520,36,2025-06-29 04:31:17,2025-06-29 05:01:17
1521,408,2025-06-23 11:40:48,2025-06-23 11:58:48
1522,345,2025-07-11 01:46:54,2025-07-11 02:06:54
1523,72,2025-06-20 06:18:45,2025-06-20 06:43:45
1524,156,2025-07-04 17:53:24,2025-07-04 18:05:24
1525,130,2025-07-08 06:10:22,2025-07-08 06:36:22
1526,79,2025-06-04 19:51:28,2025-06-04 20:18:28
1527,217,2025-05-12 08:48:54,2025-05-12 09:18:54
1528,194,2025-06-30 17:46:53,2025-06-30 17:53:53
1529,230,2025-05-28 08:12:18,2025-05-28 08:36:18
1530,246,2025-05-15 19:29:03,2025-05-15 19:52:03
1531,206,2025-05-19 13:55:51,2025-05-19 14:17:51
1532,260,2025-06-18 08:25:46,2025-06-18 08:52:46
1533,215,2025-07-07 20:12:31,2025-07-07 20:34:31
1534,19,2025-05-24 10:53:24,2025-05-24 11:23:24
1535,496,2025-06-18 14:56:42,2025-06-18 15:12:42
1536,360,2025-06-21 10:17:14,2025-06-21 10:47:14
1537,275,2025-06-26 21:45:48,2025-06-26 22:09:48
1538,327,2025-05-13 13:08:06,2025-05-13 13:15:06
1539,56,2025-06-22 14:17:55,2025-06-22 14:46:55
1540,128,2025-06-11 05:58:44,2025-06-11 06:24:44
1541,341,2025-07-02 15:37:20,2025-07-02 15:53:20
1542,86,2025-05-12 08:03:42,2025-05-12 08:28:42
1543,314,2025-06-10 13:52:09,2025-06-10 13:58:09
1544,289,2025-06-01 22:31:39,2025-06-01 22:56:39
1545,347,2025-05-24 13:56:23,2025-05-24 14:21:23
1546,205,2025-05-27 08:38:19,2025-05-27 09:07:19
1547,170,2025-06-14 11:17:14,2025-06-14 11:47:14
1548,221,2025-05-26 21:35:17,2025-05-26 21:43:17
1549,6,2025-06-23 01:49:26,2025-06-23 01:57:26
1550,133,2025-07-08 20:20:02,2025-07-08 20:32:02
1551,262,2025-07-08 20:32:56,2025-07-08 21:00:56
1552,266,2025-06-09 20:59:27,2025-06-09 21:21:27
1553,298,2025-05-14 23:39:54,2025-05-15 00:06:54
1554,295,2025-06-13 03:19:14,2025-06-13 03:31:14
1555,229,2025-06-14 02:07:44,2025-06-14 02:23:44
1556,201,2025-07-11 01:15:17,2025-07-11 01:34:17
1557,396,2025-06-20 05:47:22,2025-06-20 06:13:22
1558,302,2025-06-01 16:46:00,2025-06-01 17:13:00
1559,257,2025-06-24 06:37:01,2025-06-24 06:46:01
1560,177,2025-06-08 23:20:01,2025-06-08 23:25:01
1561,248,2025-05-15 18:29:39,2025-05-15 18:37:39
1562,152,2025-05-26 11:54:41,2025-05-26 12:12:41
1563,472,2025-06-17 18:36:34,2025-06-17 18:43:34
1564,60,2025-06-21 00:13:46,2025-06-21 00:41:46
1565,73,2025-07-02 20:35:43,2025-07-02 20:51:43
1566,160,2025-07-10 23:02:49,2025-07-10 23:17:49
1567,234,2025-06-20 07:29:06,2025-06-20 07:59:06
1568,106,2025-05-27 05:30:39,2025-05-27 05:51:39
1569,248,2025-06-28 19:10:39,2025-06-28 19:26:39
1570,244,2025-05-18 17:57:36,2025-05-18 18:05:36
1571,225,2025-06-23 14:48:49,2025-06-23 15:16:49
1572,357,2025-06-15 08:05:00,2025-06-15 08:24:00
1573,164,2025-07-03 14:29:19,2025-07-03 14:36:19
1574,154,2025-06-16 08:29:42,2025-06-16 08:35:42
1575,415,2025-05-17 22:21:59,2025-05-17 22:48:59
1576,59,2025-06-18 12:30:42,2025-06-18 12:35:42
1577,435,2025-06-01 12:14:34,2025-06-01 12:29:34
1578,332,2025-05-31 11:53:40,2025-05-31 12:01:40
1579,347,2025-07-01 08:11:08,2025-07-01 08:41:08
1580,85,2025-06-15 21:22:09,2025-06-15 21:50:09
1581,125,2025-05-21 07:48:48,2025-05-21 08:09:48
1582,90,2025-07-11 15:17:56,2025-07-11 15:39:56
1583,82,2025-05-16 00:38:33,2025-05-16 00:53:33
1584,287,2025-06-13 09:05:37,2025-06-13 09:23:37
1585,491,2025-07-02 23:11:40,2025-07-02 23:30:40
1586,119,2025-06-29 23:45:35,2025-06-30 00:15:35
1587,208,2025-06-08 22:47:32,2025-06-08 23:12:32
1588,95,2025-05-29 23:01:03,2025-05-29 23:11:03
1589,328,2025-05-24 17:36:07,2025-05-24 18:02:07
1590,222,2025-06-30 19:50:37,2025-06-30 20:07:37
1591,15,2025-05-31 23:51:13,2025-06-01 00:19:13
1592,315,2025-05-22 10:06:50,2025-05-22 10:17:50
1593,231,2025-06-11 01:22:01,2025-06-11 01:45:01
1594,220,2025-06-15 03:14:30,2025-06-15 03:31:30
1595,3,2025-07-05 23:17:21,2025-07-05 23:44:21
1596,110,2025-05-20 19:39:27,2025-05-20 19:50:27
1597,143,2025-06-03 01:41:45,2025-06-03 02:10:45
1598,361,2025-06-27 09:39:11,2025-06-27 10:09:11
1599,408,2025-07-05 11:51:18,2025-07-05 11:58:18
1600,296,2025-06-20 10:33:17,2025-06-20 10:41:17
1601,410,2025-06-06 15:47:26,2025-06-06 16:09:26
1602,96,2025-06-26 05:05:53,2025-06-26 05:21:53
1603,167,2025-06-27 15:17:28,2025-06-27 15:28:28
1604,235,2025-05-13 19:13:22,2025-05-13 19:21:22
1605,135,2025-06-12 13:53:18,2025-06-12 14:19:18
1606,442,2025-05-28 12:35:54,2025-05-28 12:55:54
1607,271,2025-05-24 01:47:43,2025-05-24 02:12:43
1608,161,2025-05-12 13:26:15,2025-05-12 13:50:15
1609,199,2025-06-27 22:09:59,2025-06-27 22:33:59
1610,201,2025-06-21 03:29:23,2025-06-21 03:52:23
1611,59,2025-07-10 10:39:07,2025-07-10 10:55:07
1612,181,2025-06-05 21:42:47,2025-06-05 22:01:47
1613,317,2025-07-09 03:44:42,2025-07-09 03:54:42
1614,417,2025-06-15 14:07:50,2025-06-15 14:33:50
1615,362,2025-07-11 13:18:25,2025-07-11 13:48:25
1616,153,2025-05-30 04:12:52,2025-05-30 04:36:52
1617,303,2025-06-25 21:19:57,2025-06-25 21:26:57
1618,345,2025-05-27 04:21:41,2025-05-27 04:30:41
1619,161,2025-06-16 12:11:44,2025-06-16 12:19:44
1620,123,2025-06-08 06:48:58,2025-06-08 07:02:58
1621,60,2025-06-19 23:16:57,2025-06-19 23:26:57
1622,192,2025-07-05 12:10:09,2025-07-05 12:37:09
1623,73,2025-07-06 09:21:20,2025-07-06 09:42:20
1624,199,2025-05-29 06:06:13,2025-05-29 06:24:13
1625,306,2025-06-14 05:55:58,2025-06-14 06:04:58
1626,295,2025-06-14 00:24:58,2025-06-14 00:41:58
1627,217,2025-06-16 19:00:53,2025-06-16 19:10:53
1628,250,2025-06-12 02:53:17,2025-06-12 03:18:17
1629,276,2025-07-02 06:33:54,2025-07-02 07:00:54
1630,471,2025-06-11 06:38:29,2025-06-11 07:03:29
1631,477,2025-07-11 11:24:07,2025-07-11 11:34:07
1632,285,2025-05-28 11:56:50,2025-05-28 12:06:50
1633,251,2025-07-07 02:39:00,2025-07-07 02:53:00
1634,72,2025-05-18 04:28:57,2025-05-18 04:38:57
1635,162,2025-05-24 18:10:43,2025-05-24 18:29:43
1636,318,2025-05-16 05:36:00,2025-05-16 05:42:00
1637,444,2025-05-28 11:01:53,2025-05-28 11:17:53
1638,488,2025-06-14 13:24:37,2025-06-14 13:29:37
1639,249,2025-06-05 13:30:56,2025-06-05 13:39:56
1640,100,2025-06-03 08:02:35,2025-06-03 08:19:35
1641,494,2025-06-10 18:44:43,2025-06-10 19:06:43
1642,259,2025-06-29 23:19:02,2025-06-29 23:44:02
1643,254,2025-05-13 08:31:36,2025-05-13 08:49:36
1644,351,2025-05-15 21:37:11,2025-05-15 21:57:11
1645,213,2025-05-18 10:32:38,2025-05-18 10:59:38
1646,431,2025-06-21 09:17:54,2025-06-21 09:36:54
1647,251,2025-05-15 19:56:04,2025-05-15 20:06:04
1648,43,2025-07-06 01:56:51,2025-07-06 02:19:51
1649,16,2025-06-26 15:42:44,2025-06-26 16:12:44
1650,390,2025-06-29 02:39:30,2025-06-29 02:51:30
1651,150,2025-06-10 19:31:27,2025-06-10 19:37:27
1652,141,2025-06-06 16:51:46,2025-06-06 17:03:46
1653,276,2025-07-09 23:12:10,2025-07-09 23:26:10
1654,87,2025-05-12 17:35:36,2025-05-12 18:04:36
1655,235,2025-07-07 05:24:58,2025-07-07 05:47:58
1656,381,2025-05-18 23:02:31,2025-05-18 23:31:31
1657,393,2025-06-13 18:52:16,2025-06-13 19:12:16
1658,282,2025-05-12 10:56:23,2025-05-12 11:17:23
1659,58,2025-05-25 00:47:09,2025-05-25 01:10:09
1660,59,2025-06-24 14:32:43,2025-06-24 14:45:43
1661,397,2025-05-21 10:23:48,2025-05-21 10:45:48
1662,422,2025-05-31 08:42:15,2025-05-31 08:58:15
1663,278,2025-05-30 02:47:05,2025-05-30 03:16:05
1664,22,2025-06-21 12:31:24,2025-06-21 13:00:24
1665,369,2025-06-10 09:48:58,2025-06-10 10:07:58
1666,280,2025-05-19 05:53:55,2025-05-19 06:04:55
1667,218,2025-06-14 09:49:51,2025-06-14 09:57:51
1668,377,2025-06-17 07:38:36,2025-06-17 08:03:36
1669,385,2025-05-12 04:30:52,2025-05-12 04:42:52
1670,153,2025-06-01 18:49:28,2025-06-01 18:55:28
1671,231,2025-07-06 14:43:27,2025-07-06 14:56:27
1672,179,2025-07-06 23:35:52,2025-07-06 23:42:52
1673,225,2025-07-01 15:50:44,2025-07-01 15:58:44
1674,398,2025-06-04 15:20:33,2025-06-04 15:50:33
1675,122,2025-05-21 17:41:04,2025-05-21 17:52:04
1676,416,2025-06-29 14:37:27,2025-06-29 15:05:27
1677,302,2025-06-15 09:21:09,2025-06-15 09:48:09
1678,180,2025-07-01 06:14:13,2025-07-01 06:41:13
1679,313,2025-06-29 18:12:05,2025-06-29 18:37:05
1680,220,2025-05-17 20:29:46,2025-05-17 20:39:46
1681,316,2025-06-25 15:04:37,2025-06-25 15:13:37
1682,402,2025-06-04 07:44:39,2025-06-04 07:55:39
1683,417,2025-05-13 12:15:16,2025-05-13 12:26:16
1684,413,2025-06-20 07:19:35,2025-06-20 07:25:35
1685,292,2025-07-07 12:46:01,2025-07-07 13:02:01
1686,273,2025-05-14 17:04:27,2025-05-14 17:17:27
1687,306,2025-06-14 03:43:34,2025-06-14 04:05:34
1688,87,2025-07-07 08:14:24,2025-07-07 08:29:24
1689,361,2025-07-04 04:20:13,2025-07-04 04:34:13
1690,149,2025-06-15 16:53:17,2025-06-15 17:16:17
1691,137,2025-05-30 19:54:48,2025-05-30 20:15:48
1692,461,2025-05-28 19:58:29,2025-05-28 20:24:29
1693,418,2025-05-23 02:08:36,2025-05-23 02:16:36
1694,70,2025-06-29 20:25:36,2025-06-29 20:54:36
1695,403,2025-06-01 01:24:35,2025-06-01 01:42:35
1696,471,2025-06-22 17:17:24,2025-06-22 17:23:24
1697,142,2025-06-29 02:33:00,2025-06-29 02:58:00
1698,65,2025-06-02 07:22:54,2025-06-02 07:49:54
1699,444,2025-06-09 00:50:45,2025-06-09 00:59:45
1700,128,2025-06-23 10:46:33,2025-06-23 10:55:33
1701,365,2025-06-19 14:59:17,2025-06-19 15:14:17
1702,425,2025-06-23 16:27:36,2025-06-23 16:39:36
1703,390,2025-06-15 22:45:31,2025-06-15 23:11:31
1704,202,2025-06-12 20:01:22,2025-06-12 20:21:22
1705,73,2025-05-19 20:58:21,2025-05-19 21:21:21
1706,324,2025-06-02 04:31:12,2025-06-02 04:44:12
1707,322,2025-06-03 13:53:52,2025-06-03 14:11:52
1708,193,2025-06-25 01:09:29,2025-06-25 01:28:29
1709,39,2025-06-28 14:44:32,2025-06-28 15:09:32
1710,407,2025-05-15 23:12:51,2025-05-15 23:41:51
1711,48,2025-05-19 01:20:42,2025-05-19 01:37:42
1712,264,2025-05-19 19:36:00,2025-05-19 20:04:00
1713,143,2025-06-04 03:30:45,2025-06-04 03:57:45
1714,480,2025-05-26 15:09:40,2025-05-26 15:25:40
1715,233,2025-07-09 20:27:36,2025-07-09 20:47:36
1716,168,2025-07-10 13:25:55,2025-07-10 13:48:55
1717,2,2025-05-13 14:55:19,2025-05-13 15:24:19
1718,434,2025-07-02 08:39:10,2025-07-02 09:07:10
1719,48,2025-06-16 11:23:38,2025-06-16 11:51:38
1720,498,2025-05-13 01:52:18,2025-05-13 02:11:18
1721,326,2025-05-23 20:17:58,2025-05-23 20:43:58
1722,358,2025-06-21 17:40:13,2025-06-21 17:56:13
1723,436,2025-06-23 14:41:35,2025-06-23 14:48:35
1724,408,2025-05-24 18:41:27,2025-05-24 19:03:27
1725,204,2025-06-30 12:58:21,2025-06-30 13:09:21
1726,496,2025-07-06 16:58:40,2025-07-06 17:16:40
1727,423,2025-07-09 18:03:39,2025-07-09 18:14:39
1728,254,2025-06-24 03:25:27,2025-06-24 03:38:27
1729,166,2025-06-22 20:49:36,2025-06-22 21:03:36
1730,173,2025-05-13 07:07:50,2025-05-13 07:29:50
1731,296,2025-07-10 14:34:38,2025-07-10 14:43:38
1732,290,2025-05-18 13:24:16,2025-05-18 13:44:16
1733,404,2025-05-18 15:29:13,2025-05-18 15:44:13
1734,458,2025-05-18 21:27:50,2025-05-18 21:53:50
1735,391,2025-05-13 12:59:19,2025-05-13 13:05:19
1736,24,2025-07-11 06:49:10,2025-07-11 06:57:10
1737,321,2025-05-12 12:59:55,2025-05-12 13:29:55
1738,429,2025-05-20 13:52:07,2025-05-20 14:11:07
1739,9,2025-06-14 13:27:59,2025-06-14 13:35:59
1740,476,2025-07-07 16:40:28,2025-07-07 16:50:28
1741,226,2025-06-16 02:05:55,2025-06-16 02:24:55
1742,1,2025-06-29 23:54:37,2025-06-30 00:12:37
1743,104,2025-05-31 08:09:29,2025-05-31 08:36:29
1744,466,2025-05-19 01:04:18,2025-05-19 01:13:18
1745,452,2025-05-22 01:23:18,2025-05-22 01:48:18
1746,155,2025-05-23 07:40:00,2025-05-23 07:50:00
1747,448,2025-07-11 00:13:38,2025-07-11 00:26:38
1748,48,2025-05-15 12:44:20,2025-05-15 13:09:20
1749,185,2025-05-20 04:39:52,2025-05-20 04:52:52
1750,43,2025-06-29 02:29:53,2025-06-29 02:45:53
1751,341,2025-05-16 17:33:31,2025-05-16 17:58:31
1752,85,2025-06-25 14:11:21,2025-06-25 14:17:21
1753,203,2025-06-11 23:04:40,2025-06-11 23:29:40
1754,157,2025-05-22 08:56:09,2025-05-22 09:24:09
1755,359,2025-06-04 15:19:13,2025-06-04 15:48:13
1756,120,2025-05-17 11:06:33,2025-05-17 11:24:33
1757,336,2025-06-21 08:25:03,2025-06-21 08:32:03
1758,361,2025-06-29 16:23:51,2025-06-29 16:31:51
1759,1,2025-05-21 21:58:24,2025-05-21 22:09:24
1760,245,2025-06-12 15:06:27,2025-06-12 15:13:27
1761,68,2025-06-22 22:33:20,2025-06-22 22:56:20
1762,116,2025-06-09 15:49:57,2025-06-09 16:10:57
1763,349,2025-06-16 18:12:00,2025-06-16 18:31:00
1764,5,2025-06-22 22:17:02,2025-06-22 22:22:02
1765,357,2025-05-23 10:07:41,2025-05-23 10:22:41
1766,419,2025-06-01 21:29:21,2025-06-01 21:37:21
1767,441,2025-06-27 05:13:28,2025-06-27 05:31:28
1768,356,2025-06-08 19:51:48,2025-06-08 20:00:48
1769,245,2025-06-19 13:09:14,2025-06-19 13:16:14
1770,118,2025-07-02 04:14:33,2025-07-02 04:31:33
1771,46,2025-05-12 19:21:01,2025-05-12 19:49:01
1772,413,2025-05-25 16:35:13,2025-05-25 16:43:13
1773,53,2025-05-22 13:45:33,2025-05-22 14:00:33
1774,189,2025-06-19 07:10:53,2025-06-19 07:24:53
1775,71,2025-06-10 22:01:31,2025-06-10 22:18:31
1776,397,2025-07-06 16:23:46,2025-07-06 16:52:46
1777,448,2025-07-02 01:13:57,2025-07-02 01:22:57
1778,329,2025-05-29 02:45:13,2025-05-29 03:11:13
1779,74,2025-05-31 02:11:05,2025-05-31 02:18:05
1780,272,2025-06-10 11:15:04,2025-06-10 11:38:04
1781,5,2025-06-03 08:45:04,2025-06-03 09:09:04
1782,333,2025-07-02 17:01:02,2025-07-02 17:11:02
1783,226,2025-05-30 19:37:30,2025-05-30 19:53:30
1784,370,2025-06-10 14:32:36,2025-06-10 14:43:36
1785,322,2025-06-22 20:39:41,2025-06-22 21:07:41
1786,78,2025-06-26 09:10:00,2025-06-26 09:28:00
1787,316,2025-05-19 10:01:51,2025-05-19 10:27:51
1788,227,2025-05-13 16:02:04,2025-05-13 16:13:04
1789,45,2025-06-19 01:48:18,2025-06-19 01:56:18
1790,72,2025-06-06 20:29:26,2025-06-06 20:58:26
1791,64,2025-05-30 10:18:00,2025-05-30 10:41:00
1792,374,2025-05-23 21:15:44,2025-05-23 21:32:44
1793,180,2025-06-09 20:45:51,2025-06-09 21:03:51
1794,162,2025-05-20 18:12:14,2025-05-20 18:42:14
1795,72,2025-06-08 11:01:15,2025-06-08 11:13:15
1796,142,2025-06-22 02:11:55,2025-06-22 02:36:55
1797,44,2025-05-12 14:29:27,2025-05-12 14:41:27
1798,284,2025-07-02 12:24:06,2025-07-02 12:48:06
1799,308,2025-05-28 23:19:04,2025-05-28 23:47:04
1800,312,2025-05-29 22:57:17,2025-05-29 23:11:17
1801,399,2025-05-19 05:16:16,2025-05-19 05:43:16
1802,14,2025-05-20 07:59:03,2025-05-20 08:25:03
1803,449,2025-06-05 08:30:29,2025-06-05 08:44:29
1804,106,2025-05-29 17:59:16,2025-05-29 18:20:16
1805,311,2025-05-15 15:47:43,2025-05-15 16:08:43
1806,97,2025-06-21 15:37:21,2025-06-21 16:05:21
1807,201,2025-05-25 12:12:43,2025-05-25 12:26:43
1808,331,2025-07-06 23:33:01,2025-07-06 23:39:01
1809,402,2025-05-15 18:35:21,2025-05-15 19:05:21
1810,489,2025-06-08 18:46:32,2025-06-08 18:58:32
1811,254,2025-06-15 05:16:03,2025-06-15 05:33:03
1812,58,2025-06-12 03:59:32,2025-06-12 04:11:32
1813,256,2025-07-11 21:13:44,2025-07-11 21:38:44
1814,305,2025-05-28 18:43:36,2025-05-28 18:50:36
1815,271,2025-06-19 14:54:27,2025-06-19 14:59:27
1816,185,2025-06-23 20:51:55,2025-06-23 21:06:55
1817,68,2025-06-14 10:26:37,2025-06-14 10:43:37
1818,441,2025-07-05 16:37:50,2025-07-05 17:00:50
1819,216,2025-05-18 18:42:21,2025-05-18 18:58:21
1820,280,2025-07-10 15:15:16,2025-07-10 15:41:16
1821,89,2025-06-10 17:35:59,2025-06-10 18:04:59
1822,242,2025-05-19 04:14:37,2025-05-19 04:43:37
1823,38,2025-06-16 19:55:02,2025-06-16 20:00:02
1824,301,2025-06-16 12:30:57,2025-06-16 12:37:57
1825,8,2025-06-10 07:18:54,2025-06-10 07:31:54
1826,111,2025-06-14 14:55:03,2025-06-14 15:01:03
1827,473,2025-05-19 07:21:49,2025-05-19 07:27:49
1828,486,2025-05-30 06:26:01,2025-05-30 06:56:01
1829,204,2025-06-10 23:41:22,2025-06-11 00:02:22
1830,147,2025-05-29 12:26:12,2025-05-29 12:51:12
1831,365,2025-06-23 08:22:16,2025-06-23 08:43:16
1832,393,2025-06-10 05:21:35,2025-06-10 05:39:35
1833,217,2025-06-09 08:00:51,2025-06-09 08:27:51
1834,206,2025-06-15 14:32:01,2025-06-15 14:39:01
1835,328,2025-06-18 09:57:44,2025-06-18 10:19:44
1836,276,2025-06-06 19:08:30,2025-06-06 19:32:30
1837,79,2025-05-17 15:24:43,2025-05-17 15:37:43
1838,43,2025-05-18 15:54:46,2025-05-18 16:08:46
1839,41,2025-06-20 16:36:41,2025-06-20 16:57:41
1840,472,2025-06-29 20:10:09,2025-06-29 20:21:09
1841,499,2025-05-28 03:13:39,2025-05-28 03:43:39
1842,80,2025-05-20 17:56:21,2025-05-20 18:18:21
1843,168,2025-07-02 15:27:08,2025-07-02 15:44:08
1844,301,2025-05-15 05:09:10,2025-05-15 05:34:10
1845,391,2025-06-20 21:38:03,2025-06-20 22:03:03
1846,349,2025-05-19 04:08:29,2025-05-19 04:33:29
1847,34,2025-06-26 02:04:22,2025-06-26 02:18:22
1848,358,2025-06-28 16:20:09,2025-06-28 16:38:09
1849,374,2025-05-28 00:15:19,2025-05-28 00:27:19
1850,30,2025-06-10 00:51:12,2025-06-10 01:03:12
1851,45,2025-06-10 19:11:38,2025-06-10 19:29:38
1852,60,2025-07-06 03:33:15,2025-07-06 03:52:15
1853,314,2025-06-13 17:31:12,2025-06-13 17:55:12
1854,29,2025-06-01 17:12:18,2025-06-01 17:26:18
1855,342,2025-05-21 17:25:23,2025-05-21 17:53:23
1856,337,2025-05-14 06:03:19,2025-05-14 06:31:19
1857,90,2025-06-30 12:31:06,2025-06-30 12:39:06
1858,7,2025-06-06 23:55:16,2025-06-07 00:22:16
1859,71,2025-06-08 18:04:59,2025-06-08 18:31:59
1860,6,2025-07-04 00:48:56,2025-07-04 00:58:56
1861,255,2025-06-15 03:36:57,2025-06-15 03:52:57
1862,268,2025-06-01 11:28:34,2025-06-01 11:49:34
1863,401,2025-06-11 20:09:07,2025-06-11 20:37:07
1864,133,2025-05-26 14:00:52,2025-05-26 14:10:52
1865,191,2025-05-30 09:26:51,2025-05-30 09:35:51
1866,384,2025-05-26 20:09:46,2025-05-26 20:38:46
1867,448,2025-05-12 14:05:57,2025-05-12 14:18:57
1868,376,2025-06-10 08:17:54,2025-06-10 08:25:54
1869,395,2025-05-27 00:22:51,2025-05-27 00:27:51
1870,172,2025-07-06 22:43:11,2025-07-06 23:13:11
1871,220,2025-05-30 00:12:26,2025-05-30 00:25:26
1872,269,2025-06-11 11:05:49,2025-06-11 11:12:49
1873,135,2025-06-09 18:39:14,2025-06-09 19:06:14
1874,500,2025-05-30 22:56:14,2025-05-30 23:19:14
1875,322,2025-06-19 08:07:40,2025-06-19 08:14:40
1876,255,2025-05-28 20:57:33,2025-05-28 21:16:33
1877,262,2025-06-13 20:43:37,2025-06-13 20:59:37
1878,29,2025-05-29 04:27:43,2025-05-29 04:47:43
1879,440,2025-05-22 19:55:12,2025-05-22 20:18:12
1880,86,2025-06-11 07:31:29,2025-06-11 07:47:29
1881,81,2025-05-30 10:05:34,2025-05-30 10:18:34
1882,396,2025-05-14 08:42:25,2025-05-14 08:50:25
1883,458,2025-06-12 11:28:15,2025-06-12 11:51:15
1884,346,2025-06-17 14:39:05,2025-06-17 15:07:05
1885,60,2025-06-25 17:18:38,2025-06-25 17:30:38
1886,380,2025-05-19 04:28:33,2025-05-19 04:49:33
1887,2,2025-06-16 16:10:57,2025-06-16 16:16:57
1888,440,2025-06-29 22:18:15,2025-06-29 22:23:15
1889,126,2025-06-25 13:24:00,2025-06-25 13:30:00
1890,242,2025-05-21 02:53:39,2025-05-21 03:09:39
1891,197,2025-05-21 13:21:15,2025-05-21 13:30:15
1892,92,2025-05-27 10:07:00,2025-05-27 10:13:00
1893,284,2025-07-03 02:08:51,2025-07-03 02:38:51
1894,468,2025-05-13 12:45:02,2025-05-13 13:12:02
1895,380,2025-06-10 18:20:22,2025-06-10 18:45:22
1896,215,2025-05-16 06:31:05,2025-05-16 06:43:05
1897,165,2025-06-08 11:23:45,2025-06-08 11:35:45
1898,214,2025-05-17 18:52:25,2025-05-17 19:20:25
1899,164,2025-06-11 04:04:04,2025-06-11 04:17:04
1900,423,2025-07-04 18:15:10,2025-07-04 18:22:10
1901,293,2025-06-28 05:18:48,2025-06-28 05:34:48
1902,62,2025-05-17 15:35:36,2025-05-17 15:56:36
1903,345,2025-07-11 16:58:34,2025-07-11 17:04:34
1904,92,2025-05-14 22:04:12,2025-05-14 22:16:12
1905,412,2025-06-29 22:54:49,2025-06-29 23:15:49
1906,24,2025-06-20 15:04:59,2025-06-20 15:21:59
1907,36,2025-06-12 19:18:57,2025-06-12 19:37:57
1908,444,2025-06-22 08:02:18,2025-06-22 08:16:18
1909,397,2025-06-18 04:57:31,2025-06-18 05:11:31
1910,168,2025-07-02 05:37:41,2025-07-02 05:44:41
1911,284,2025-06-26 04:27:34,2025-06-26 04:46:34
1912,5,2025-05-28 07:41:09,2025-05-28 07:57:09
1913,103,2025-07-06 06:15:29,2025-07-06 06:29:29
1914,289,2025-06-28 00:09:49,2025-06-28 00:39:49
1915,156,2025-06-20 02:59:22,2025-06-20 03:27:22
1916,319,2025-05-18 22:33:31,2025-05-18 22:45:31
1917,238,2025-06-07 18:44:24,2025-06-07 19:00:24
1918,303,2025-06-16 04:54:47,2025-06-16 05:14:47
1919,396,2025-07-01 20:52:13,2025-07-01 21:21:13
1920,101,2025-07-02 21:11:02,2025-07-02 21:39:02
1921,462,2025-06-25 11:47:07,2025-06-25 12:09:07
1922,390,2025-05-19 20:24:12,2025-05-19 20:54:12
1923,126,2025-05-23 08:19:44,2025-05-23 08:28:44
1924,4,2025-06-01 18:01:25,2025-06-01 18:19:25
1925,13,2025-06-10 09:07:39,2025-06-10 09:19:39
1926,278,2025-06-11 22:50:28,2025-06-11 23:06:28
1927,326,2025-06-21 22:35:04,2025-06-21 23:02:04
1928,450,2025-06-22 07:23:04,2025-06-22 07:28:04
1929,487,2025-06-29 03:09:26,2025-06-29 03:24:26
1930,1,2025-07-02 23:12:23,2025-07-02 23:41:23
1931,337,2025-05-13 09:24:38,2025-05-13 09:41:38
1932,435,2025-05-14 14:37:17,2025-05-14 15:05:17
1933,373,2025-05-24 22:20:39,2025-05-24 22:34:39
1934,54,2025-05-29 14:17:44,2025-05-29 14:28:44
1935,272,2025-05-22 00:34:11,2025-05-22 00:46:11
1936,215,2025-05-16 20:48:05,2025-05-16 21:08:05
1937,493,2025-07-05 17:10:52,2025-07-05 17:16:52
1938,498,2025-06-11 17:27:00,2025-06-11 17:36:00
1939,365,2025-06-08 17:15:05,2025-06-08 17:28:05
1940,48,2025-06-06 10:36:25,2025-06-06 10:42:25
1941,472,2025-06-15 09:06:16,2025-06-15 09:18:16
1942,460,2025-06-30 22:40:55,2025-06-30 23:01:55
1943,212,2025-05-23 11:01:04,2025-05-23 11:28:04
1944,459,2025-05-14 23:27:52,2025-05-14 23:43:52
1945,235,2025-06-01 17:30:23,2025-06-01 17:58:23
1946,44,2025-07-07 09:24:36,2025-07-07 09:47:36
1947,49,2025-06-04 07:41:55,2025-06-04 08:02:55
1948,69,2025-06-22 17:59:04,2025-06-22 18:24:04
1949,420,2025-05-25 15:55:59,2025-05-25 16:12:59
1950,39,2025-07-07 03:54:47,2025-07-07 04:17:47
1951,291,2025-06-06 23:23:26,2025-06-06 23:29:26
1952,223,2025-05-27 18:27:07,2025-05-27 18:53:07
1953,494,2025-06-14 14:13:28,2025-06-14 14:22:28
1954,122,2025-06-13 00:02:22,2025-06-13 00:16:22
1955,134,2025-06-19 07:21:44,2025-06-19 07:36:44
1956,475,2025-06-19 17:14:00,2025-06-19 17:44:00
1957,202,2025-06-04 23:33:55,2025-06-05 00:00:55
1958,426,2025-05-15 23:36:27,2025-05-16 00:04:27
1959,168,2025-07-01 14:27:35,2025-07-01 14:42:35
1960,232,2025-07-04 09:38:09,2025-07-04 09:51:09
1961,120,2025-06-22 01:07:55,2025-06-22 01:14:55
1962,484,2025-05-22 20:51:54,2025-05-22 21:02:54
1963,70,2025-05-19 22:13:56,2025-05-19 22:42:56
1964,395,2025-06-03 17:34:15,2025-06-03 17:57:15
1965,56,2025-06-19 20:41:43,2025-06-19 20:50:43
1966,55,2025-07-03 09:25:36,2025-07-03 09:35:36
1967,231,2025-07-08 07:00:54,2025-07-08 07:19:54
1968,161,2025-07-04 18:28:39,2025-07-04 18:46:39
1969,62,2025-05-30 14:58:55,2025-05-30 15:20:55
1970,184,2025-06-04 12:53:21,2025-06-04 13:22:21
1971,107,2025-07-03 02:45:17,2025-07-03 03:04:17
1972,158,2025-05-19 23:35:10,2025-05-19 23:54:10
1973,136,2025-05-16 04:01:55,2025-05-16 04:09:55
1974,47,2025-05-17 06:18:45,2025-05-17 06:28:45
1975,414,2025-07-09 17:56:11,2025-07-09 18:22:11
1976,156,2025-05-18 19:14:00,2025-05-18 19:41:00
1977,357,2025-07-05 02:19:14,2025-07-05 02:43:14
1978,21,2025-05-13 13:40:56,2025-05-13 13:51:56
1979,428,2025-06-27 04:36:28,2025-06-27 04:51:28
1980,76,2025-06-09 13:45:36,2025-06-09 13:52:36
1981,365,2025-07-08 08:44:52,2025-07-08 08:56:52
1982,496,2025-06-01 17:52:51,2025-06-01 18:08:51
1983,203,2025-05-20 21:20:03,2025-05-20 21:41:03
1984,26,2025-07-08 18:45:18,2025-07-08 19:11:18
1985,154,2025-05-23 10:59:21,2025-05-23 11:12:21
1986,420,2025-06-27 08:15:26,2025-06-27 08:25:26
1987,16,2025-07-03 00:39:32,2025-07-03 00:56:32
1988,438,2025-06-05 08:15:39,2025-06-05 08:34:39
1989,285,2025-06-12 06:20:58,2025-06-12 06:48:58
1990,282,2025-06-12 22:47:34,2025-06-12 22:59:34
1991,49,2025-06-19 01:08:12,2025-06-19 01:27:12
1992,53,2025-06-07 10:08:36,2025-06-07 10:38:36
1993,407,2025-06-22 14:53:09,2025-06-22 15:02:09
1994,63,2025-06-11 13:17:59,2025-06-11 13:22:59
1995,32,2025-06-25 07:36:19,2025-06-25 08:05:19
1996,114,2025-06-21 04:59:54,2025-06-21 05:08:54
1997,102,2025-05-19 20:09:02,2025-05-19 20:26:02
1998,191,2025-07-03 16:20:23,2025-07-03 16:46:23
1999,323,2025-05-15 03:10:00,2025-05-15 03:35:00
2000,44,2025-07-04 16:06:30,2025-07-04 16:29:30
